rw,yr,death_duty,Real Wealth
5000,1892,2,"£5,000.00"
5000,1893,2,"£5,000.00"
5000,1894,2,"£5,000.00"
5000,1895,2,"£5,000.00"
5000,1896,2,"£5,000.00"
5000,1897,2,"£5,000.00"
5000,1898,2,"£5,000.00"
5000,1899,2,"£5,000.00"
5000,1900,2,"£5,000.00"
5000,1901,2,"£5,000.00"
5000,1902,2,"£5,000.00"
5000,1903,2,"£5,000.00"
5000,1904,2,"£5,000.00"
5000,1905,2,"£5,000.00"
5000,1906,2,"£5,000.00"
5000,1907,2,"£5,000.00"
5000,1908,2,"£5,000.00"
5000,1909,2,"£5,000.00"
5000,1910,2,"£5,000.00"
5000,1911,2,"£5,000.00"
5000,1912,2,"£5,000.00"
5000,1913,2,"£5,000.00"
5000,1914,2,"£5,000.00"
5000,1915,2,"£5,000.00"
5000,1916,2,"£5,000.00"
5000,1917,3,"£5,000.00"
5000,1918,3,"£5,000.00"
5000,1919,3,"£5,000.00"
5000,1920,3,"£5,000.00"
5000,1920,3,"£5,000.00"
5000,1921,3,"£5,000.00"
5000,1922,3,"£5,000.00"
5000,1923,3,"£5,000.00"
5000,1924,3,"£5,000.00"
5000,1925,3,"£5,000.00"
5000,1926,3,"£5,000.00"
5000,1927,3,"£5,000.00"
5000,1928,3,"£5,000.00"
5000,1929,3,"£5,000.00"
5000,1930,3,"£5,000.00"
5000,1931,3,"£5,000.00"
5000,1932,3,"£5,000.00"
5000,1933,2,"£5,000.00"
5000,1934,2,"£5,000.00"
5000,1935,3,"£5,000.00"
5000,1936,3,"£5,000.00"
5000,1937,3,"£5,000.00"
5000,1938,3,"£5,000.00"
5000,1939,3,"£5,000.00"
5000,1939,3,"£5,000.00"
5000,1940,3,"£5,000.00"
5000,1941,3,"£5,000.00"
5000,1942,3,"£5,000.00"
5000,1943,3,"£5,000.00"
5000,1944,3,"£5,000.00"
5000,1945,3,"£5,000.00"
5000,1946,3,"£5,000.00"
5000,1947,2,"£5,000.00"
5000,1948,2,"£5,000.00"
5000,1949,0,"£5,000.00"
5000,1949,2,"£5,000.00"
5000,1950,0,"£5,000.00"
5000,1951,0,"£5,000.00"
5000,1952,0,"£5,000.00"
5000,1953,0,"£5,000.00"
5000,1954,0,"£5,000.00"
5000,1955,0,"£5,000.00"
5000,1956,0,"£5,000.00"
5000,1957,0,"£5,000.00"
5000,1958,0,"£5,000.00"
5000,1959,0,"£5,000.00"
5000,1960,0,"£5,000.00"
5000,1961,0,"£5,000.00"
5000,1962,0,"£5,000.00"
5000,1963,0,"£5,000.00"
5000,1964,0,"£5,000.00"
5000,1965,0,"£5,000.00"
5000,1966,0,"£5,000.00"
5000,1967,0,"£5,000.00"
5000,1968,0,"£5,000.00"
5000,1969,0,"£5,000.00"
5000,1970,0,"£5,000.00"
5000,1971,0,"£5,000.00"
5000,1972,0,"£5,000.00"
5000,1973,0,"£5,000.00"
5000,1974,0,"£5,000.00"
5000,1975,0,"£5,000.00"
5000,1976,0,"£5,000.00"
5000,1977,0,"£5,000.00"
5000,1978,0,"£5,000.00"
5000,1979,0,"£5,000.00"
5000,1980,0,"£5,000.00"
5000,1981,0,"£5,000.00"
5000,1982,0,"£5,000.00"
5000,1983,0,"£5,000.00"
5000,1984,0,"£5,000.00"
5000,1985,0,"£5,000.00"
5000,1986,0,"£5,000.00"
5000,1987,0,"£5,000.00"
5000,1988,0,"£5,000.00"
5000,1989,0,"£5,000.00"
5000,1990,0,"£5,000.00"
5000,1991,0,"£5,000.00"
5000,1992,0,"£5,000.00"
5000,1993,0,"£5,000.00"
5000,1994,0,"£5,000.00"
5000,1995,0,"£5,000.00"
5000,1996,0,"£5,000.00"
5000,1997,0,"£5,000.00"
5000,1998,0,"£5,000.00"
5000,1999,0,"£5,000.00"
5000,2000,0,"£5,000.00"
5000,2001,0,"£5,000.00"
5000,2002,0,"£5,000.00"
5000,2003,0,"£5,000.00"
5000,2004,0,"£5,000.00"
5000,2005,0,"£5,000.00"
5000,2006,0,"£5,000.00"
5000,2007,0,"£5,000.00"
5000,2008,0,"£5,000.00"
5000,2009,0,"£5,000.00"
5000,2010,0,"£5,000.00"
5000,2011,0,"£5,000.00"
5000,2012,0,"£5,000.00"
5000,2013,0,"£5,000.00"
5000,2014,0,"£5,000.00"
1E+05,1892,5,"£100,000.00"
1E+05,1893,5,"£100,000.00"
1E+05,1894,5,"£100,000.00"
1E+05,1895,5,"£100,000.00"
1E+05,1896,5,"£100,000.00"
1E+05,1897,5,"£100,000.00"
1E+05,1898,5,"£100,000.00"
1E+05,1899,5,"£100,000.00"
1E+05,1900,5,"£100,000.00"
1E+05,1901,5,"£100,000.00"
1E+05,1902,5,"£100,000.00"
1E+05,1903,5,"£100,000.00"
1E+05,1904,5,"£100,000.00"
1E+05,1905,5,"£100,000.00"
1E+05,1906,5,"£100,000.00"
1E+05,1907,5,"£100,000.00"
1E+05,1908,5,"£100,000.00"
1E+05,1909,5,"£100,000.00"
1E+05,1910,5,"£100,000.00"
1E+05,1911,5,"£100,000.00"
1E+05,1912,5,"£100,000.00"
1E+05,1913,5,"£100,000.00"
1E+05,1914,5,"£100,000.00"
1E+05,1915,5,"£100,000.00"
1E+05,1916,5,"£100,000.00"
1E+05,1917,5,"£100,000.00"
1E+05,1918,5,"£100,000.00"
1E+05,1919,5,"£100,000.00"
1E+05,1920,5,"£100,000.00"
1E+05,1920,5,"£100,000.00"
1E+05,1921,5,"£100,000.00"
1E+05,1922,5,"£100,000.00"
1E+05,1923,5,"£100,000.00"
1E+05,1924,5,"£100,000.00"
1E+05,1925,5,"£100,000.00"
1E+05,1926,5,"£100,000.00"
1E+05,1927,5,"£100,000.00"
1E+05,1928,5,"£100,000.00"
1E+05,1929,5,"£100,000.00"
1E+05,1930,5,"£100,000.00"
1E+05,1931,5,"£100,000.00"
1E+05,1932,5,"£100,000.00"
1E+05,1933,5,"£100,000.00"
1E+05,1934,5,"£100,000.00"
1E+05,1935,5,"£100,000.00"
1E+05,1936,5,"£100,000.00"
1E+05,1937,5,"£100,000.00"
1E+05,1938,5,"£100,000.00"
1E+05,1939,5,"£100,000.00"
1E+05,1939,5,"£100,000.00"
1E+05,1940,5,"£100,000.00"
1E+05,1941,5,"£100,000.00"
1E+05,1942,5,"£100,000.00"
1E+05,1943,5,"£100,000.00"
1E+05,1944,5,"£100,000.00"
1E+05,1945,5,"£100,000.00"
1E+05,1946,5,"£100,000.00"
1E+05,1947,4,"£100,000.00"
1E+05,1948,4,"£100,000.00"
1E+05,1949,2,"£100,000.00"
1E+05,1949,4,"£100,000.00"
1E+05,1950,2,"£100,000.00"
1E+05,1951,2,"£100,000.00"
1E+05,1952,3,"£100,000.00"
1E+05,1953,3,"£100,000.00"
1E+05,1954,3,"£100,000.00"
1E+05,1955,3,"£100,000.00"
1E+05,1956,3,"£100,000.00"
1E+05,1957,3,"£100,000.00"
1E+05,1958,3,"£100,000.00"
1E+05,1959,3,"£100,000.00"
1E+05,1960,3,"£100,000.00"
1E+05,1961,3,"£100,000.00"
1E+05,1962,3,"£100,000.00"
1E+05,1963,3,"£100,000.00"
1E+05,1964,3,"£100,000.00"
1E+05,1965,3,"£100,000.00"
1E+05,1966,3,"£100,000.00"
1E+05,1967,4,"£100,000.00"
1E+05,1968,4,"£100,000.00"
1E+05,1969,4,"£100,000.00"
1E+05,1970,0,"£100,000.00"
1E+05,1971,0,"£100,000.00"
1E+05,1972,0,"£100,000.00"
1E+05,1973,0,"£100,000.00"
1E+05,1974,0,"£100,000.00"
1E+05,1975,10,"£100,000.00"
1E+05,1976,10,"£100,000.00"
1E+05,1977,0,"£100,000.00"
1E+05,1978,0,"£100,000.00"
1E+05,1979,10,"£100,000.00"
1E+05,1980,0,"£100,000.00"
1E+05,1981,0,"£100,000.00"
1E+05,1982,0,"£100,000.00"
1E+05,1983,0,"£100,000.00"
1E+05,1984,0,"£100,000.00"
1E+05,1985,0,"£100,000.00"
1E+05,1986,0,"£100,000.00"
1E+05,1987,0,"£100,000.00"
1E+05,1988,0,"£100,000.00"
1E+05,1989,0,"£100,000.00"
1E+05,1990,0,"£100,000.00"
1E+05,1991,0,"£100,000.00"
1E+05,1992,0,"£100,000.00"
1E+05,1993,0,"£100,000.00"
1E+05,1994,0,"£100,000.00"
1E+05,1995,0,"£100,000.00"
1E+05,1996,0,"£100,000.00"
1E+05,1997,0,"£100,000.00"
1E+05,1998,0,"£100,000.00"
1E+05,1999,0,"£100,000.00"
1E+05,2000,0,"£100,000.00"
1E+05,2001,0,"£100,000.00"
1E+05,2002,0,"£100,000.00"
1E+05,2003,0,"£100,000.00"
1E+05,2004,0,"£100,000.00"
1E+05,2005,0,"£100,000.00"
1E+05,2006,0,"£100,000.00"
1E+05,2007,0,"£100,000.00"
1E+05,2008,0,"£100,000.00"
1E+05,2009,0,"£100,000.00"
1E+05,2010,0,"£100,000.00"
1E+05,2011,0,"£100,000.00"
1E+05,2012,0,"£100,000.00"
1E+05,2013,0,"£100,000.00"
1E+05,2014,0,"£100,000.00"
5E+05,1892,5,"£500,000.00"
5E+05,1893,5,"£500,000.00"
5E+05,1894,5,"£500,000.00"
5E+05,1895,5,"£500,000.00"
5E+05,1896,5,"£500,000.00"
5E+05,1897,5,"£500,000.00"
5E+05,1898,5,"£500,000.00"
5E+05,1899,5,"£500,000.00"
5E+05,1900,5,"£500,000.00"
5E+05,1901,5,"£500,000.00"
5E+05,1902,5,"£500,000.00"
5E+05,1903,5,"£500,000.00"
5E+05,1904,5,"£500,000.00"
5E+05,1905,5,"£500,000.00"
5E+05,1906,5,"£500,000.00"
5E+05,1907,5,"£500,000.00"
5E+05,1908,5,"£500,000.00"
5E+05,1909,5,"£500,000.00"
5E+05,1910,6,"£500,000.00"
5E+05,1911,6,"£500,000.00"
5E+05,1912,6,"£500,000.00"
5E+05,1913,6,"£500,000.00"
5E+05,1914,6,"£500,000.00"
5E+05,1915,6,"£500,000.00"
5E+05,1916,6,"£500,000.00"
5E+05,1917,7,"£500,000.00"
5E+05,1918,7,"£500,000.00"
5E+05,1919,7,"£500,000.00"
5E+05,1920,7,"£500,000.00"
5E+05,1920,8,"£500,000.00"
5E+05,1921,7,"£500,000.00"
5E+05,1922,7,"£500,000.00"
5E+05,1923,7,"£500,000.00"
5E+05,1924,7,"£500,000.00"
5E+05,1925,7,"£500,000.00"
5E+05,1926,7,"£500,000.00"
5E+05,1927,7,"£500,000.00"
5E+05,1928,7,"£500,000.00"
5E+05,1929,7,"£500,000.00"
5E+05,1930,7,"£500,000.00"
5E+05,1931,7,"£500,000.00"
5E+05,1932,7,"£500,000.00"
5E+05,1933,6,"£500,000.00"
5E+05,1934,6,"£500,000.00"
5E+05,1935,7,"£500,000.00"
5E+05,1936,7,"£500,000.00"
5E+05,1937,7,"£500,000.00"
5E+05,1938,7,"£500,000.00"
5E+05,1939,7,"£500,000.00"
5E+05,1939,7,"£500,000.00"
5E+05,1940,9.2,"£500,000.00"
5E+05,1941,9.2,"£500,000.00"
5E+05,1942,10.4,"£500,000.00"
5E+05,1943,10.4,"£500,000.00"
5E+05,1944,10.4,"£500,000.00"
5E+05,1945,10.4,"£500,000.00"
5E+05,1946,10.4,"£500,000.00"
5E+05,1947,12,"£500,000.00"
5E+05,1948,12,"£500,000.00"
5E+05,1949,14,"£500,000.00"
5E+05,1949,15,"£500,000.00"
5E+05,1950,15,"£500,000.00"
5E+05,1951,15,"£500,000.00"
5E+05,1952,18,"£500,000.00"
5E+05,1953,18,"£500,000.00"
5E+05,1954,18,"£500,000.00"
5E+05,1955,18,"£500,000.00"
5E+05,1956,18,"£500,000.00"
5E+05,1957,21,"£500,000.00"
5E+05,1958,21,"£500,000.00"
5E+05,1959,21,"£500,000.00"
5E+05,1960,21,"£500,000.00"
5E+05,1961,21,"£500,000.00"
5E+05,1962,21,"£500,000.00"
5E+05,1963,24,"£500,000.00"
5E+05,1964,24,"£500,000.00"
5E+05,1965,24,"£500,000.00"
5E+05,1966,24,"£500,000.00"
5E+05,1967,28,"£500,000.00"
5E+05,1968,28,"£500,000.00"
5E+05,1969,28,"£500,000.00"
5E+05,1970,60,"£500,000.00"
5E+05,1971,60,"£500,000.00"
5E+05,1972,45,"£500,000.00"
5E+05,1973,50,"£500,000.00"
5E+05,1974,50,"£500,000.00"
5E+05,1975,45,"£500,000.00"
5E+05,1976,45,"£500,000.00"
5E+05,1977,50,"£500,000.00"
5E+05,1978,50,"£500,000.00"
5E+05,1979,55,"£500,000.00"
5E+05,1980,55,"£500,000.00"
5E+05,1981,60,"£500,000.00"
5E+05,1982,50,"£500,000.00"
5E+05,1983,50,"£500,000.00"
5E+05,1985,50,"£500,000.00"
5E+05,1986,40,"£500,000.00"
5E+05,1987,40,"£500,000.00"
5E+05,1988,40,"£500,000.00"
5E+05,1989,40,"£500,000.00"
5E+05,1990,40,"£500,000.00"
5E+05,1991,40,"£500,000.00"
5E+05,1992,40,"£500,000.00"
5E+05,1993,40,"£500,000.00"
5E+05,1994,40,"£500,000.00"
5E+05,1995,40,"£500,000.00"
5E+05,1996,40,"£500,000.00"
5E+05,1997,40,"£500,000.00"
5E+05,1998,40,"£500,000.00"
5E+05,1999,40,"£500,000.00"
5E+05,2000,40,"£500,000.00"
5E+05,2001,40,"£500,000.00"
5E+05,2002,40,"£500,000.00"
5E+05,2003,40,"£500,000.00"
5E+05,2004,40,"£500,000.00"
5E+05,2005,40,"£500,000.00"
5E+05,2006,40,"£500,000.00"
5E+05,2007,40,"£500,000.00"
5E+05,2008,40,"£500,000.00"
5E+05,2009,40,"£500,000.00"
5E+05,2010,40,"£500,000.00"
5E+05,2011,40,"£500,000.00"
5E+05,2012,40,"£500,000.00"
5E+05,2013,40,"£500,000.00"
5E+05,2014,40,"£500,000.00"
1E+06,1892,6,"£1,000,000.00"
1E+06,1893,6,"£1,000,000.00"
1E+06,1894,6,"£1,000,000.00"
1E+06,1895,6,"£1,000,000.00"
1E+06,1896,6,"£1,000,000.00"
1E+06,1897,6,"£1,000,000.00"
1E+06,1898,6,"£1,000,000.00"
1E+06,1899,6,"£1,000,000.00"
1E+06,1900,6,"£1,000,000.00"
1E+06,1901,6,"£1,000,000.00"
1E+06,1902,6,"£1,000,000.00"
1E+06,1903,6,"£1,000,000.00"
1E+06,1904,6,"£1,000,000.00"
1E+06,1905,6,"£1,000,000.00"
1E+06,1906,6,"£1,000,000.00"
1E+06,1907,6,"£1,000,000.00"
1E+06,1908,6,"£1,000,000.00"
1E+06,1909,6,"£1,000,000.00"
1E+06,1910,7,"£1,000,000.00"
1E+06,1911,7,"£1,000,000.00"
1E+06,1912,7,"£1,000,000.00"
1E+06,1913,7,"£1,000,000.00"
1E+06,1914,7,"£1,000,000.00"
1E+06,1915,7,"£1,000,000.00"
1E+06,1916,7,"£1,000,000.00"
1E+06,1917,8,"£1,000,000.00"
1E+06,1918,8,"£1,000,000.00"
1E+06,1919,8,"£1,000,000.00"
1E+06,1920,11,"£1,000,000.00"
1E+06,1920,13,"£1,000,000.00"
1E+06,1921,10,"£1,000,000.00"
1E+06,1922,10,"£1,000,000.00"
1E+06,1923,9,"£1,000,000.00"
1E+06,1924,9,"£1,000,000.00"
1E+06,1925,9,"£1,000,000.00"
1E+06,1926,11,"£1,000,000.00"
1E+06,1927,11,"£1,000,000.00"
1E+06,1928,11,"£1,000,000.00"
1E+06,1929,11,"£1,000,000.00"
1E+06,1930,11,"£1,000,000.00"
1E+06,1931,10,"£1,000,000.00"
1E+06,1932,10,"£1,000,000.00"
1E+06,1933,10,"£1,000,000.00"
1E+06,1934,10,"£1,000,000.00"
1E+06,1935,10,"£1,000,000.00"
1E+06,1936,10,"£1,000,000.00"
1E+06,1937,10,"£1,000,000.00"
1E+06,1938,11,"£1,000,000.00"
1E+06,1939,11,"£1,000,000.00"
1E+06,1939,11,"£1,000,000.00"
1E+06,1940,14,"£1,000,000.00"
1E+06,1941,14,"£1,000,000.00"
1E+06,1942,15.2,"£1,000,000.00"
1E+06,1943,15.2,"£1,000,000.00"
1E+06,1944,15.2,"£1,000,000.00"
1E+06,1945,15.2,"£1,000,000.00"
1E+06,1946,15.2,"£1,000,000.00"
1E+06,1947,20,"£1,000,000.00"
1E+06,1948,20,"£1,000,000.00"
1E+06,1949,22,"£1,000,000.00"
1E+06,1949,28,"£1,000,000.00"
1E+06,1950,28,"£1,000,000.00"
1E+06,1951,31,"£1,000,000.00"
1E+06,1952,35,"£1,000,000.00"
1E+06,1953,35,"£1,000,000.00"
1E+06,1954,35,"£1,000,000.00"
1E+06,1955,35,"£1,000,000.00"
1E+06,1956,35,"£1,000,000.00"
1E+06,1957,40,"£1,000,000.00"
1E+06,1958,40,"£1,000,000.00"
1E+06,1959,40,"£1,000,000.00"
1E+06,1960,40,"£1,000,000.00"
1E+06,1961,40,"£1,000,000.00"
1E+06,1962,40,"£1,000,000.00"
1E+06,1963,40,"£1,000,000.00"
1E+06,1964,40,"£1,000,000.00"
1E+06,1965,45,"£1,000,000.00"
1E+06,1966,45,"£1,000,000.00"
1E+06,1967,45,"£1,000,000.00"
1E+06,1968,45,"£1,000,000.00"
1E+06,1969,45,"£1,000,000.00"
1E+06,1970,65,"£1,000,000.00"
1E+06,1971,65,"£1,000,000.00"
1E+06,1972,60,"£1,000,000.00"
1E+06,1973,60,"£1,000,000.00"
1E+06,1974,60,"£1,000,000.00"
1E+06,1975,60,"£1,000,000.00"
1E+06,1976,60,"£1,000,000.00"
1E+06,1977,60,"£1,000,000.00"
1E+06,1978,60,"£1,000,000.00"
1E+06,1979,60,"£1,000,000.00"
1E+06,1980,60,"£1,000,000.00"
1E+06,1981,60,"£1,000,000.00"
1E+06,1982,60,"£1,000,000.00"
1E+06,1983,60,"£1,000,000.00"
1E+06,1984,60,"£1,000,000.00"
1E+06,1985,60,"£1,000,000.00"
1E+06,1986,40,"£1,000,000.00"
1E+06,1987,40,"£1,000,000.00"
1E+06,1988,40,"£1,000,000.00"
1E+06,1989,40,"£1,000,000.00"
1E+06,1990,40,"£1,000,000.00"
1E+06,1991,40,"£1,000,000.00"
1E+06,1992,40,"£1,000,000.00"
1E+06,1993,40,"£1,000,000.00"
1E+06,1994,40,"£1,000,000.00"
1E+06,1995,40,"£1,000,000.00"
1E+06,1996,40,"£1,000,000.00"
1E+06,1997,40,"£1,000,000.00"
1E+06,1998,40,"£1,000,000.00"
1E+06,1999,40,"£1,000,000.00"
1E+06,2000,40,"£1,000,000.00"
1E+06,2001,40,"£1,000,000.00"
1E+06,2002,40,"£1,000,000.00"
1E+06,2003,40,"£1,000,000.00"
1E+06,2004,40,"£1,000,000.00"
1E+06,2005,40,"£1,000,000.00"
1E+06,2006,40,"£1,000,000.00"
1E+06,2007,40,"£1,000,000.00"
1E+06,2008,40,"£1,000,000.00"
1E+06,2009,40,"£1,000,000.00"
1E+06,2010,40,"£1,000,000.00"
1E+06,2011,40,"£1,000,000.00"
1E+06,2012,40,"£1,000,000.00"
1E+06,2013,40,"£1,000,000.00"
1E+06,2014,40,"£1,000,000.00"
5E+06,1892,7,"£5,000,000.00"
5E+06,1893,7,"£5,000,000.00"
5E+06,1894,7,"£5,000,000.00"
5E+06,1895,7,"£5,000,000.00"
5E+06,1896,7,"£5,000,000.00"
5E+06,1897,7,"£5,000,000.00"
5E+06,1898,7,"£5,000,000.00"
5E+06,1899,7,"£5,000,000.00"
5E+06,1900,7,"£5,000,000.00"
5E+06,1901,7,"£5,000,000.00"
5E+06,1902,7,"£5,000,000.00"
5E+06,1903,7,"£5,000,000.00"
5E+06,1904,7,"£5,000,000.00"
5E+06,1905,7,"£5,000,000.00"
5E+06,1906,7,"£5,000,000.00"
5E+06,1907,7,"£5,000,000.00"
5E+06,1908,7,"£5,000,000.00"
5E+06,1909,7,"£5,000,000.00"
5E+06,1910,9,"£5,000,000.00"
5E+06,1911,9,"£5,000,000.00"
5E+06,1912,9,"£5,000,000.00"
5E+06,1913,9,"£5,000,000.00"
5E+06,1914,9,"£5,000,000.00"
5E+06,1915,10,"£5,000,000.00"
5E+06,1916,11,"£5,000,000.00"
5E+06,1917,12,"£5,000,000.00"
5E+06,1918,12,"£5,000,000.00"
5E+06,1919,12,"£5,000,000.00"
5E+06,1920,13,"£5,000,000.00"
5E+06,1920,19,"£5,000,000.00"
5E+06,1921,18,"£5,000,000.00"
5E+06,1922,17,"£5,000,000.00"
5E+06,1923,17,"£5,000,000.00"
5E+06,1924,17,"£5,000,000.00"
5E+06,1925,17,"£5,000,000.00"
5E+06,1926,22,"£5,000,000.00"
5E+06,1927,22,"£5,000,000.00"
5E+06,1928,22,"£5,000,000.00"
5E+06,1929,22,"£5,000,000.00"
5E+06,1930,22,"£5,000,000.00"
5E+06,1931,22,"£5,000,000.00"
5E+06,1932,22,"£5,000,000.00"
5E+06,1933,21,"£5,000,000.00"
5E+06,1934,21,"£5,000,000.00"
5E+06,1935,22,"£5,000,000.00"
5E+06,1936,22,"£5,000,000.00"
5E+06,1937,22,"£5,000,000.00"
5E+06,1938,22,"£5,000,000.00"
5E+06,1939,22,"£5,000,000.00"
5E+06,1939,24,"£5,000,000.00"
5E+06,1940,30.6,"£5,000,000.00"
5E+06,1941,30.6,"£5,000,000.00"
5E+06,1942,33.2,"£5,000,000.00"
5E+06,1943,33.2,"£5,000,000.00"
5E+06,1944,33.2,"£5,000,000.00"
5E+06,1945,33.2,"£5,000,000.00"
5E+06,1946,33.2,"£5,000,000.00"
5E+06,1947,42,"£5,000,000.00"
5E+06,1948,42,"£5,000,000.00"
5E+06,1949,47,"£5,000,000.00"
5E+06,1949,60,"£5,000,000.00"
5E+06,1950,60,"£5,000,000.00"
5E+06,1951,60,"£5,000,000.00"
5E+06,1952,60,"£5,000,000.00"
5E+06,1953,60,"£5,000,000.00"
5E+06,1954,60,"£5,000,000.00"
5E+06,1955,60,"£5,000,000.00"
5E+06,1956,60,"£5,000,000.00"
5E+06,1957,65,"£5,000,000.00"
5E+06,1958,65,"£5,000,000.00"
5E+06,1959,65,"£5,000,000.00"
5E+06,1960,65,"£5,000,000.00"
5E+06,1961,65,"£5,000,000.00"
5E+06,1962,65,"£5,000,000.00"
5E+06,1963,65,"£5,000,000.00"
5E+06,1964,65,"£5,000,000.00"
5E+06,1965,65,"£5,000,000.00"
5E+06,1966,65,"£5,000,000.00"
5E+06,1967,65,"£5,000,000.00"
5E+06,1968,65,"£5,000,000.00"
5E+06,1969,65,"£5,000,000.00"
5E+06,1970,75,"£5,000,000.00"
5E+06,1971,80,"£5,000,000.00"
5E+06,1972,75,"£5,000,000.00"
5E+06,1973,75,"£5,000,000.00"
5E+06,1974,75,"£5,000,000.00"
5E+06,1975,65,"£5,000,000.00"
5E+06,1976,65,"£5,000,000.00"
5E+06,1977,70,"£5,000,000.00"
5E+06,1978,70,"£5,000,000.00"
5E+06,1979,70,"£5,000,000.00"
5E+06,1980,70,"£5,000,000.00"
5E+06,1981,70,"£5,000,000.00"
5E+06,1982,70,"£5,000,000.00"
5E+06,1983,70,"£5,000,000.00"
5E+06,1984,60,"£5,000,000.00"
5E+06,1985,60,"£5,000,000.00"
5E+06,1986,40,"£5,000,000.00"
5E+06,1987,40,"£5,000,000.00"
5E+06,1988,40,"£5,000,000.00"
5E+06,1989,40,"£5,000,000.00"
5E+06,1990,40,"£5,000,000.00"
5E+06,1991,40,"£5,000,000.00"
5E+06,1992,40,"£5,000,000.00"
5E+06,1993,40,"£5,000,000.00"
5E+06,1994,40,"£5,000,000.00"
5E+06,1995,40,"£5,000,000.00"
5E+06,1996,40,"£5,000,000.00"
5E+06,1997,40,"£5,000,000.00"
5E+06,1998,40,"£5,000,000.00"
5E+06,1999,40,"£5,000,000.00"
5E+06,2000,40,"£5,000,000.00"
5E+06,2001,40,"£5,000,000.00"
5E+06,2002,40,"£5,000,000.00"
5E+06,2003,40,"£5,000,000.00"
5E+06,2004,40,"£5,000,000.00"
5E+06,2005,40,"£5,000,000.00"
5E+06,2006,40,"£5,000,000.00"
5E+06,2007,40,"£5,000,000.00"
5E+06,2008,40,"£5,000,000.00"
5E+06,2009,40,"£5,000,000.00"
5E+06,2010,40,"£5,000,000.00"
5E+06,2011,40,"£5,000,000.00"
5E+06,2012,40,"£5,000,000.00"
5E+06,2013,40,"£5,000,000.00"
5E+06,2014,40,"£5,000,000.00"
1E+07,1892,8,"£10,000,000.00"
1E+07,1893,8,"£10,000,000.00"
1E+07,1894,8,"£10,000,000.00"
1E+07,1895,8,"£10,000,000.00"
1E+07,1896,8,"£10,000,000.00"
1E+07,1897,8,"£10,000,000.00"
1E+07,1898,8,"£10,000,000.00"
1E+07,1899,8,"£10,000,000.00"
1E+07,1900,8,"£10,000,000.00"
1E+07,1901,8,"£10,000,000.00"
1E+07,1902,8,"£10,000,000.00"
1E+07,1903,8,"£10,000,000.00"
1E+07,1904,8,"£10,000,000.00"
1E+07,1905,8,"£10,000,000.00"
1E+07,1906,8,"£10,000,000.00"
1E+07,1907,8,"£10,000,000.00"
1E+07,1908,8,"£10,000,000.00"
1E+07,1909,8,"£10,000,000.00"
1E+07,1910,11,"£10,000,000.00"
1E+07,1911,11,"£10,000,000.00"
1E+07,1912,11,"£10,000,000.00"
1E+07,1913,11,"£10,000,000.00"
1E+07,1914,11,"£10,000,000.00"
1E+07,1915,12,"£10,000,000.00"
1E+07,1916,13,"£10,000,000.00"
1E+07,1917,14,"£10,000,000.00"
1E+07,1918,15,"£10,000,000.00"
1E+07,1919,15,"£10,000,000.00"
1E+07,1920,16,"£10,000,000.00"
1E+07,1920,24,"£10,000,000.00"
1E+07,1921,23,"£10,000,000.00"
1E+07,1922,23,"£10,000,000.00"
1E+07,1923,26,"£10,000,000.00"
1E+07,1924,26,"£10,000,000.00"
1E+07,1925,26,"£10,000,000.00"
1E+07,1926,28,"£10,000,000.00"
1E+07,1927,28,"£10,000,000.00"
1E+07,1928,28,"£10,000,000.00"
1E+07,1929,26,"£10,000,000.00"
1E+07,1930,26,"£10,000,000.00"
1E+07,1931,28,"£10,000,000.00"
1E+07,1932,28,"£10,000,000.00"
1E+07,1933,26,"£10,000,000.00"
1E+07,1934,26,"£10,000,000.00"
1E+07,1935,28,"£10,000,000.00"
1E+07,1936,28,"£10,000,000.00"
1E+07,1937,28,"£10,000,000.00"
1E+07,1938,28,"£10,000,000.00"
1E+07,1939,28,"£10,000,000.00"
1E+07,1939,30.6,"£10,000,000.00"
1E+07,1940,38.4,"£10,000,000.00"
1E+07,1941,38.4,"£10,000,000.00"
1E+07,1942,41,"£10,000,000.00"
1E+07,1943,41,"£10,000,000.00"
1E+07,1944,41,"£10,000,000.00"
1E+07,1945,41,"£10,000,000.00"
1E+07,1946,41,"£10,000,000.00"
1E+07,1947,57,"£10,000,000.00"
1E+07,1948,57,"£10,000,000.00"
1E+07,1949,57,"£10,000,000.00"
1E+07,1949,65,"£10,000,000.00"
1E+07,1950,65,"£10,000,000.00"
1E+07,1951,65,"£10,000,000.00"
1E+07,1952,70,"£10,000,000.00"
1E+07,1953,70,"£10,000,000.00"
1E+07,1954,70,"£10,000,000.00"
1E+07,1955,70,"£10,000,000.00"
1E+07,1956,70,"£10,000,000.00"
1E+07,1957,70,"£10,000,000.00"
1E+07,1958,70,"£10,000,000.00"
1E+07,1959,70,"£10,000,000.00"
1E+07,1960,70,"£10,000,000.00"
1E+07,1961,70,"£10,000,000.00"
1E+07,1962,70,"£10,000,000.00"
1E+07,1963,70,"£10,000,000.00"
1E+07,1964,70,"£10,000,000.00"
1E+07,1965,75,"£10,000,000.00"
1E+07,1966,75,"£10,000,000.00"
1E+07,1967,75,"£10,000,000.00"
1E+07,1968,75,"£10,000,000.00"
1E+07,1969,75,"£10,000,000.00"
1E+07,1970,85,"£10,000,000.00"
1E+07,1971,85,"£10,000,000.00"
1E+07,1972,75,"£10,000,000.00"
1E+07,1973,75,"£10,000,000.00"
1E+07,1974,75,"£10,000,000.00"
1E+07,1975,70,"£10,000,000.00"
1E+07,1976,70,"£10,000,000.00"
1E+07,1977,75,"£10,000,000.00"
1E+07,1978,75,"£10,000,000.00"
1E+07,1979,75,"£10,000,000.00"
1E+07,1980,75,"£10,000,000.00"
1E+07,1981,75,"£10,000,000.00"
1E+07,1982,75,"£10,000,000.00"
1E+07,1983,75,"£10,000,000.00"
1E+07,1984,60,"£10,000,000.00"
1E+07,1985,60,"£10,000,000.00"
1E+07,1986,40,"£10,000,000.00"
1E+07,1987,40,"£10,000,000.00"
1E+07,1988,40,"£10,000,000.00"
1E+07,1989,40,"£10,000,000.00"
1E+07,1990,40,"£10,000,000.00"
1E+07,1991,40,"£10,000,000.00"
1E+07,1992,40,"£10,000,000.00"
1E+07,1993,40,"£10,000,000.00"
1E+07,1994,40,"£10,000,000.00"
1E+07,1995,40,"£10,000,000.00"
1E+07,1996,40,"£10,000,000.00"
1E+07,1997,40,"£10,000,000.00"
1E+07,1998,40,"£10,000,000.00"
1E+07,1999,40,"£10,000,000.00"
1E+07,2000,40,"£10,000,000.00"
1E+07,2001,40,"£10,000,000.00"
1E+07,2002,40,"£10,000,000.00"
1E+07,2003,40,"£10,000,000.00"
1E+07,2004,40,"£10,000,000.00"
1E+07,2005,40,"£10,000,000.00"
1E+07,2006,40,"£10,000,000.00"
1E+07,2007,40,"£10,000,000.00"
1E+07,2008,40,"£10,000,000.00"
1E+07,2009,40,"£10,000,000.00"
1E+07,2010,40,"£10,000,000.00"
1E+07,2011,40,"£10,000,000.00"
1E+07,2012,40,"£10,000,000.00"
1E+07,2013,40,"£10,000,000.00"
1E+07,2014,40,"£10,000,000.00"
1E+08,1892,10,"£100,000,000.00"
1E+08,1893,10,"£100,000,000.00"
1E+08,1894,10,"£100,000,000.00"
1E+08,1895,10,"£100,000,000.00"
1E+08,1896,10,"£100,000,000.00"
1E+08,1897,10,"£100,000,000.00"
1E+08,1898,10,"£100,000,000.00"
1E+08,1899,10,"£100,000,000.00"
1E+08,1900,10,"£100,000,000.00"
1E+08,1901,10,"£100,000,000.00"
1E+08,1902,10,"£100,000,000.00"
1E+08,1903,10,"£100,000,000.00"
1E+08,1904,10,"£100,000,000.00"
1E+08,1905,10,"£100,000,000.00"
1E+08,1906,10,"£100,000,000.00"
1E+08,1907,10,"£100,000,000.00"
1E+08,1908,13,"£100,000,000.00"
1E+08,1909,13,"£100,000,000.00"
1E+08,1910,17,"£100,000,000.00"
1E+08,1911,17,"£100,000,000.00"
1E+08,1912,17,"£100,000,000.00"
1E+08,1913,17,"£100,000,000.00"
1E+08,1914,17,"£100,000,000.00"
1E+08,1915,22,"£100,000,000.00"
1E+08,1916,22,"£100,000,000.00"
1E+08,1917,22,"£100,000,000.00"
1E+08,1918,22,"£100,000,000.00"
1E+08,1919,22,"£100,000,000.00"
1E+08,1920,42,"£100,000,000.00"
1E+08,1921,42,"£100,000,000.00"
1E+08,1922,42,"£100,000,000.00"
1E+08,1923,42,"£100,000,000.00"
1E+08,1924,42,"£100,000,000.00"
1E+08,1925,42,"£100,000,000.00"
1E+08,1926,42,"£100,000,000.00"
1E+08,1927,42,"£100,000,000.00"
1E+08,1928,42,"£100,000,000.00"
1E+08,1929,42,"£100,000,000.00"
1E+08,1930,42,"£100,000,000.00"
1E+08,1931,52,"£100,000,000.00"
1E+08,1932,52,"£100,000,000.00"
1E+08,1933,47,"£100,000,000.00"
1E+08,1934,47,"£100,000,000.00"
1E+08,1935,52,"£100,000,000.00"
1E+08,1936,52,"£100,000,000.00"
1E+08,1937,52,"£100,000,000.00"
1E+08,1938,52,"£100,000,000.00"
1E+08,1939,52,"£100,000,000.00"
1E+08,1939,57,"£100,000,000.00"
1E+08,1940,67,"£100,000,000.00"
1E+08,1941,67,"£100,000,000.00"
1E+08,1942,67,"£100,000,000.00"
1E+08,1943,67,"£100,000,000.00"
1E+08,1944,67,"£100,000,000.00"
1E+08,1945,67,"£100,000,000.00"
1E+08,1946,67,"£100,000,000.00"
1E+08,1947,77,"£100,000,000.00"
1E+08,1948,77,"£100,000,000.00"
1E+08,1949,80,"£100,000,000.00"
1E+08,1949,77,"£100,000,000.00"
1E+08,1950,80,"£100,000,000.00"
1E+08,1951,80,"£100,000,000.00"
1E+08,1952,80,"£100,000,000.00"
1E+08,1953,80,"£100,000,000.00"
1E+08,1954,80,"£100,000,000.00"
1E+08,1955,80,"£100,000,000.00"
1E+08,1956,80,"£100,000,000.00"
1E+08,1957,80,"£100,000,000.00"
1E+08,1958,80,"£100,000,000.00"
1E+08,1959,80,"£100,000,000.00"
1E+08,1960,80,"£100,000,000.00"
1E+08,1961,80,"£100,000,000.00"
1E+08,1962,80,"£100,000,000.00"
1E+08,1963,80,"£100,000,000.00"
1E+08,1964,80,"£100,000,000.00"
1E+08,1965,80,"£100,000,000.00"
1E+08,1966,80,"£100,000,000.00"
1E+08,1967,80,"£100,000,000.00"
1E+08,1968,80,"£100,000,000.00"
1E+08,1969,80,"£100,000,000.00"
1E+08,1970,85,"£100,000,000.00"
1E+08,1971,85,"£100,000,000.00"
1E+08,1972,75,"£100,000,000.00"
1E+08,1973,75,"£100,000,000.00"
1E+08,1974,75,"£100,000,000.00"
1E+08,1975,75,"£100,000,000.00"
1E+08,1976,75,"£100,000,000.00"
1E+08,1977,75,"£100,000,000.00"
1E+08,1978,75,"£100,000,000.00"
1E+08,1979,75,"£100,000,000.00"
1E+08,1980,75,"£100,000,000.00"
1E+08,1981,75,"£100,000,000.00"
1E+08,1982,75,"£100,000,000.00"
1E+08,1983,75,"£100,000,000.00"
1E+08,1984,60,"£100,000,000.00"
1E+08,1985,60,"£100,000,000.00"
1E+08,1986,40,"£100,000,000.00"
1E+08,1987,40,"£100,000,000.00"
1E+08,1988,40,"£100,000,000.00"
1E+08,1989,40,"£100,000,000.00"
1E+08,1990,40,"£100,000,000.00"
1E+08,1991,40,"£100,000,000.00"
1E+08,1992,40,"£100,000,000.00"
1E+08,1993,40,"£100,000,000.00"
1E+08,1994,40,"£100,000,000.00"
1E+08,1995,40,"£100,000,000.00"
1E+08,1996,40,"£100,000,000.00"
1E+08,1997,40,"£100,000,000.00"
1E+08,1998,40,"£100,000,000.00"
1E+08,1999,40,"£100,000,000.00"
1E+08,2000,40,"£100,000,000.00"
1E+08,2001,40,"£100,000,000.00"
1E+08,2002,40,"£100,000,000.00"
1E+08,2003,40,"£100,000,000.00"
1E+08,2004,40,"£100,000,000.00"
1E+08,2005,40,"£100,000,000.00"
1E+08,2006,40,"£100,000,000.00"
1E+08,2007,40,"£100,000,000.00"
1E+08,2008,40,"£100,000,000.00"
1E+08,2009,40,"£100,000,000.00"
1E+08,2010,40,"£100,000,000.00"
1E+08,2011,40,"£100,000,000.00"
1E+08,2012,40,"£100,000,000.00"
1E+08,2013,40,"£100,000,000.00"
1E+08,2014,40,"£100,000,000.00"