Region name,2015,2024,growth,group
Tees Valley,97.2,100.3,0.03189300411522633,Other ITL2 areas
"Northumberland, Durham and Tyne & Wear",90.1,102.0,0.13207547169811318,Other ITL2 areas
Cumbria,95.1,101.0,0.062039957939011625,Other ITL2 areas
Greater Manchester,82.1,101.8,0.2399512789281364,Greater Manchester
Lancashire,90.8,101.4,0.116740088105727,Other ITL2 areas
Cheshire,88.7,101.0,0.13866967305524236,Other ITL2 areas
Merseyside,88.9,101.9,0.1462317210348707,Other ITL2 areas
East Yorkshire and Northern Lincolnshire,89.4,100.5,0.12416107382550323,Other ITL2 areas
North Yorkshire,90.1,100.2,0.11209766925638198,Other ITL2 areas
South Yorkshire,89.9,101.3,0.1268075639599553,Other ITL2 areas
West Yorkshire,87.6,101.0,0.15296803652968038,Other ITL2 areas
Derbyshire and Nottinghamshire,95.3,100.8,0.057712486883525704,Other ITL2 areas
"Leicestershire, Rutland and Northamptonshire",92.1,101.7,0.10423452768729646,Other ITL2 areas
Lincolnshire,90.3,99.2,0.09856035437430788,Other ITL2 areas
"Herefordshire, Worcestershire and Warwickshire",87.1,101.4,0.1641791044776122,Other ITL2 areas
Shropshire and Staffordshire,89.7,100.9,0.12486064659977703,Other ITL2 areas
West Midlands,91.0,101.6,0.11648351648351651,Other ITL2 areas
Bedfordshire and Hertfordshire,87.3,100.8,0.15463917525773185,Other ITL2 areas
Essex,92.0,101.1,0.0989130434782608,Other ITL2 areas
Cambridgeshire and Peterborough,82.6,102.7,0.24334140435835372,Other ITL2 areas
Norfolk,92.3,99.8,0.08125677139761645,Other ITL2 areas
Suffolk,93.8,98.8,0.05330490405117261,Other ITL2 areas
Inner London - West,82.7,100.8,0.21886336154776287,Other ITL2 areas
Inner London - East,86.8,102.7,0.18317972350230427,Other ITL2 areas
Outer London - East and North East,95.3,101.1,0.060860440713536246,Other ITL2 areas
Outer London - South,97.7,100.5,0.028659160696008268,Other ITL2 areas
Outer London - West and North West,100.5,101.3,0.007960199004975133,Other ITL2 areas
"Berkshire, Buckinghamshire and Oxfordshire",86.3,102.2,0.18424101969872542,Other ITL2 areas
"Surrey, East and West Sussex",93.6,100.9,0.07799145299145316,Other ITL2 areas
Hampshire and Isle of Wight,92.2,100.9,0.09436008676789598,Other ITL2 areas
Kent,93.0,101.5,0.09139784946236551,Other ITL2 areas
Cornwall and Isles of Scilly,82.9,100.1,0.20747889022919175,Other ITL2 areas
Devon,86.6,100.8,0.16397228637413397,Other ITL2 areas
Eastern Scotland,95.5,99.3,0.03979057591623025,Other ITL2 areas
East Central Scotland,81.1,101.7,0.2540073982737363,Other ITL2 areas
North Eastern Scotland,120.4,103.0,-0.14451827242524917,Other ITL2 areas
Southern Scotland,100.3,99.7,-0.005982053838484491,Other ITL2 areas
Northern Ireland,86.2,100.7,0.1682134570765661,Other ITL2 areas
