Period,area,Sex,HLE,year
2011 to 2013,Greater Manchester,Male,60.0,2013
2011 to 2013,Greater Manchester,Female,60.8,2013
2011 to 2013,England,Male,63.0,2013
2011 to 2013,England,Female,63.9,2013
2012 to 2014,Greater Manchester,Male,59.6,2014
2012 to 2014,Greater Manchester,Female,60.3,2014
2012 to 2014,England,Male,63.2,2014
2012 to 2014,England,Female,63.9,2014
2013 to 2015,Greater Manchester,Male,59.6,2015
2013 to 2015,Greater Manchester,Female,60.5,2015
2013 to 2015,England,Male,63.2,2015
2013 to 2015,England,Female,64.2,2015
2014 to 2016,Greater Manchester,Male,59.5,2016
2014 to 2016,Greater Manchester,Female,60.2,2016
2014 to 2016,England,Male,63.3,2016
2014 to 2016,England,Female,64.0,2016
2015 to 2017,Greater Manchester,Male,59.8,2017
2015 to 2017,Greater Manchester,Female,60.6,2017
2015 to 2017,England,Male,63.3,2017
2015 to 2017,England,Female,64.0,2017
2016 to 2018,Greater Manchester,Male,60.4,2018
2016 to 2018,Greater Manchester,Female,61.1,2018
2016 to 2018,England,Male,63.3,2018
2016 to 2018,England,Female,64.1,2018
2017 to 2019,Greater Manchester,Male,60.7,2019
2017 to 2019,Greater Manchester,Female,61.1,2019
2017 to 2019,England,Male,63.2,2019
2017 to 2019,England,Female,63.7,2019
2018 to 2020,Greater Manchester,Male,60.6,2020
2018 to 2020,Greater Manchester,Female,61.2,2020
2018 to 2020,England,Male,63.1,2020
2018 to 2020,England,Female,64.0,2020
2019 to 2021,Greater Manchester,Male,60.1,2021
2019 to 2021,Greater Manchester,Female,60.7,2021
2019 to 2021,England,Male,62.7,2021
2019 to 2021,England,Female,63.7,2021
2020 to 2022,Greater Manchester,Male,59.2,2022
2020 to 2022,Greater Manchester,Female,59.9,2022
2020 to 2022,England,Male,62.3,2022
2020 to 2022,England,Female,62.8,2022
2021 to 2023,Greater Manchester,Male,58.2,2023
2021 to 2023,Greater Manchester,Female,59.0,2023
2021 to 2023,England,Male,61.5,2023
2021 to 2023,England,Female,61.9,2023
2022 to 2024,Greater Manchester,Male,57.0,2024
2022 to 2024,Greater Manchester,Female,57.9,2024
2022 to 2024,England,Male,60.9,2024
2022 to 2024,England,Female,61.3,2024
