Date,TRM
2025/06/01,"4,148.72"
2025/06/02,"4,148.72"
2025/06/03,"4,148.72"
2025/06/04,"4,136.71"
2025/06/05,"4,107.85"
2025/06/06,"4,097.66"
2025/06/07,"4,138.72"
2025/06/08,"4,138.72"
2025/06/09,"4,138.72"
2025/06/10,"4,138.53"
2025/06/11,"4,190.90"
2025/06/12,"4,190.61"
2025/06/13,"4,169.13"
2025/06/14,"4,147.34"
2025/06/15,"4,147.34"
2025/06/16,"4,147.34"
2025/06/17,"4,096.44"
2025/06/18,"4,098.83"
2025/06/19,"4,076.32"
2025/06/20,"4,076.32"
2025/06/21,"4,080.06"
2025/06/22,"4,080.06"
2025/06/23,"4,080.06"
2025/06/24,"4,080.06"
2025/06/25,"4,081.15"
2025/06/26,"4,067.64"
2025/06/27,"4,042.87"
2025/06/28,"4,069.67"
2025/06/29,"4,069.67"
2025/06/30,"4,069.67"
2025/07/01,"4,069.67"
2025/07/02,"4,047.71"
2025/07/03,"4,006.46"
2025/07/04,"3,974.37"
2025/07/05,"3,974.37"
2025/07/06,"3,974.37"
2025/07/07,"3,974.37"
2025/07/08,"4,022.29"
2025/07/09,"4,054.13"
2025/07/10,"4,026.09"
2025/07/11,"4,013.50"
2025/07/12,"4,003.90"
2025/07/13,"4,003.90"
2025/07/14,"4,003.90"
2025/07/15,"4,011.79"
2025/07/16,"4,015.04"
2025/07/17,"4,031.86"
2025/07/18,"4,016.44"
2025/07/19,"4,000.61"
2025/07/20,"4,000.61"
2025/07/21,"4,000.61"
2025/07/22,"4,026.27"
2025/07/23,"4,061.36"
2025/07/24,"4,052.86"
2025/07/25,"4,063.31"
2025/07/26,"4,110.48"
2025/07/27,"4,110.48"
2025/07/28,"4,110.48"
2025/07/29,"4,170.59"
2025/07/30,"4,154.79"
2025/07/31,"4,179.69"
2025/08/01,"4,186.71"
2025/08/02,"4,129.42"
2025/08/03,"4,129.42"
2025/08/04,"4,129.42"
2025/08/05,"4,097.38"
2025/08/06,"4,093.12"
2025/08/07,"4,049.35"
2025/08/08,"4,049.35"
2025/08/09,"4,034.74"
2025/08/10,"4,034.74"
2025/08/11,"4,034.74"
2025/08/12,"4,045.87"
2025/08/13,"4,017.12"
2025/08/14,"4,020.64"
2025/08/15,"4,048.74"
2025/08/16,"4,019.24"
2025/08/17,"4,019.24"
2025/08/18,"4,019.24"
2025/08/19,"4,019.24"
2025/08/20,"4,036.42"
2025/08/21,"4,025.51"
2025/08/22,"4,034.18"
2025/08/23,"4,008.70"
2025/08/24,"4,008.70"
2025/08/25,"4,008.70"
2025/08/26,"4,017.44"
2025/08/27,"4,044.51"
2025/08/28,"4,051.97"
2025/08/29,"4,019.09"
2025/08/30,"4,018.41"
2025/08/31,"4,018.41"
2025/09/01,"4,018.41"
2025/09/02,"4,018.41"
2025/09/03,"4,016.94"
2025/09/04,"4,002.86"
2025/09/05,"3,991.09"
2025/09/06,"3,960.94"
2025/09/07,"3,960.94"
2025/09/08,"3,960.94"
2025/09/09,"3,945.29"
2025/09/10,"3,919.13"
2025/09/11,"3,921.58"
2025/09/12,"3,903.18"
2025/09/13,"3,906.24"
2025/09/14,"3,906.24"
2025/09/15,"3,906.24"
2025/09/16,"3,897.57"
2025/09/17,"3,881.92"
2025/09/18,"3,880.01"
2025/09/19,"3,892.45"
2025/09/20,"3,891.19"
2025/09/21,"3,891.19"
2025/09/22,"3,891.19"
2025/09/23,"3,852.16"
2025/09/24,"3,844.47"
2025/09/25,"3,881.26"
2025/09/26,"3,898.87"
2025/09/27,"3,908.12"
2025/09/28,"3,908.12"
2025/09/29,"3,908.12"
2025/09/30,"3,901.29"
2025/10/01,"3,923.55"
2025/10/02,"3,890.00"
2025/10/03,"3,897.64"
2025/10/04,"3,874.18"
2025/10/05,"3,874.18"
2025/10/06,"3,874.18"
2025/10/07,"3,853.19"
2025/10/08,"3,867.54"
2025/10/09,"3,879.80"
2025/10/10,"3,894.99"
2025/10/11,"3,913.24"
2025/10/12,"3,913.24"
2025/10/13,"3,913.24"
2025/10/14,"3,913.24"
2025/10/15,"3,933.31"
2025/10/16,"3,902.16"
2025/10/17,"3,877.07"
2025/10/18,"3,808.12"
2025/10/19,"3,808.12"
2025/10/20,"3,808.12"
2025/10/21,"3,877.26"
2025/10/22,"3,876.60"
2025/10/23,"3,900.82"
2025/10/24,"3,888.76"
2025/10/25,"3,858.63"
2025/10/26,"3,858.63"
2025/10/27,"3,858.63"
2025/10/28,"3,844.20"
2025/10/29,"3,874.84"
2025/10/30,"3,885.29"
2025/10/31,"3,870.42"
2025/11/01,"3,860.12"
2025/11/02,"3,860.12"
2025/11/03,"3,860.12"
2025/11/04,"3,860.12"
2025/11/05,"3,872.47"
2025/11/06,"3,839.47"
2025/11/07,"3,807.06"
2025/11/08,"3,779.20"
2025/11/09,"3,779.20"
2025/11/10,"3,779.20"
2025/11/11,"3,760.93"
2025/11/12,"3,760.93"
2025/11/13,"3,719.71"
2025/11/14,"3,719.60"
2025/11/15,"3,764.77"
2025/11/16,"3,764.77"
2025/11/17,"3,764.77"
2025/11/18,"3,764.77"
2025/11/19,"3,737.55"
2025/11/20,"3,716.73"
2025/11/21,"3,741.27"
2025/11/22,"3,808.77"
2025/11/23,"3,808.77"
2025/11/24,"3,808.77"
2025/11/25,"3,804.09"
2025/11/26,"3,806.16"
2025/11/27,"3,773.60"
2025/11/28,"3,773.60"
2025/11/29,"3,744.43"
2025/11/30,"3,744.43"
2025/12/01,"3,744.43"
2025/12/02,"3,784.43"
2025/12/03,"3,817.66"
2025/12/04,"3,780.80"
2025/12/05,"3,757.92"
2025/12/06,"3,830.02"
2025/12/07,"3,830.02"
2025/12/08,"3,830.02"
2025/12/09,"3,830.02"
2025/12/10,"3,861.34"
2025/12/11,"3,854.28"
2025/12/12,"3,810.99"
2025/12/13,"3,788.53"
2025/12/14,"3,788.53"
2025/12/15,"3,788.53"
2025/12/16,"3,817.59"
2025/12/17,"3,847.10"
2025/12/18,"3,866.77"
2025/12/19,"3,874.71"
2025/12/20,"3,817.93"
2025/12/21,"3,817.93"
2025/12/22,"3,817.93"
2025/12/23,"3,792.59"
2025/12/24,"3,759.48"
2025/12/25,"3,706.94"
2025/12/26,"3,706.94"
2025/12/27,"3,716.05"
2025/12/28,"3,716.05"
2025/12/29,"3,716.05"
2025/12/30,"3,706.97"
2025/12/31,"3,757.08"
2026/01/01,"3,757.08"
2026/01/02,"3,757.08"
2026/01/03,"3,790.77"
2026/01/04,"3,790.77"
2026/01/05,"3,790.77"
2026/01/06,"3,770.03"
2026/01/07,"3,730.26"
2026/01/08,"3,748.83"
2026/01/09,"3,734.67"
2026/01/10,"3,717.09"
2026/01/11,"3,717.09"
2026/01/12,"3,717.09"
2026/01/13,"3,717.09"
2026/01/14,"3,663.24"
2026/01/15,"3,655.16"
2026/01/16,"3,687.32"
2026/01/17,"3,700.05"
2026/01/18,"3,700.05"
2026/01/19,"3,700.05"
2026/01/20,"3,700.05"
2026/01/21,"3,682.97"
2026/01/22,"3,669.15"
2026/01/23,"3,630.33"
2026/01/24,"3,637.88"
2026/01/25,"3,637.88"
2026/01/26,"3,637.88"
2026/01/27,"3,676.02"
2026/01/28,"3,678.59"
2026/01/29,"3,665.97"
2026/01/30,"3,661.29"
2026/01/31,"3,670.47"
2026/02/01,"3,670.47"
2026/02/02,"3,670.47"
2026/02/03,"3,628.16"
2026/02/04,"3,622.00"
2026/02/05,"3,644.93"
2026/02/06,"3,691.75"
2026/02/07,"3,670.20"
2026/02/08,"3,670.20"
2026/02/09,"3,670.20"
2026/02/10,"3,651.90"
2026/02/11,"3,659.71"
2026/02/12,"3,671.01"
2026/02/13,"3,665.78"
2026/02/14,"3,652.89"
2026/02/15,"3,652.89"
2026/02/16,"3,652.89"
2026/02/17,"3,652.89"
2026/02/18,"3,664.26"
2026/02/19,"3,669.21"
2026/02/20,"3,695.72"
2026/02/21,"3,691.34"
2026/02/22,"3,691.34"
2026/02/23,"3,691.34"
2026/02/24,"3,697.36"
2026/02/25,"3,703.28"
2026/02/26,"3,703.69"
2026/02/27,"3,745.78"
2026/02/28,"3,766.30"
2026/03/01,"3,766.30"
2026/03/02,"3,766.30"
2026/03/03,"3,768.73"
2026/03/04,"3,797.64"
2026/03/05,"3,751.41"
2026/03/06,"3,767.94"
2026/03/07,"3,795.55"
2026/03/08,"3,795.55"
2026/03/09,"3,795.55"
2026/03/10,"3,744.84"
2026/03/11,"3,710.50"
2026/03/12,"3,687.87"
2026/03/13,"3,700.46"
2026/03/14,"3,685.53"
2026/03/15,"3,685.53"
2026/03/16,"3,685.53"
2026/03/17,"3,691.90"
2026/03/18,"3,689.97"
2026/03/19,"3,704.17"
2026/03/20,"3,692.48"
2026/03/21,"3,704.87"
2026/03/22,"3,704.87"
2026/03/23,"3,704.87"
2026/03/24,"3,704.87"
2026/03/25,"3,700.67"
2026/03/26,"3,688.46"
2026/03/27,"3,675.29"
2026/03/28,"3,668.89"
2026/03/29,"3,668.89"
2026/03/30,"3,668.89"
2026/03/31,"3,669.96"
2026/04/01,"3,660.10"
2026/04/02,"3,675.81"
2026/04/03,"3,675.81"
2026/04/04,"3,675.81"
2026/04/05,"3,675.81"
2026/04/06,"3,675.81"
2026/04/07,"3,664.41"
2026/04/08,"3,678.19"
2026/04/09,"3,640.63"
2026/04/10,"3,642.93"
2026/04/11,"3,631.49"
2026/04/12,"3,631.49"
2026/04/13,"3,631.49"
2026/04/14,"3,608.10"
2026/04/15,"3,578.82"
2026/04/16,"3,603.19"
2026/04/17,"3,615.10"
2026/04/18,"3,593.14"
2026/04/19,"3,593.14"
2026/04/20,"3,593.14"
2026/04/21,"3,573.30"
2026/04/22,"3,576.05"
2026/04/23,"3,568.88"
2026/04/24,"3,560.62"
2026/04/25,"3,551.17"
2026/04/26,"3,551.17"
2026/04/27,"3,551.17"
2026/04/28,"3,593.17"
2026/04/29,"3,633.76"
2026/04/30,"3,621.86"
2026/05/01,"3,637.51"
2026/05/02,"3,637.51"
2026/05/03,"3,637.51"
2026/05/04,"3,637.51"
2026/05/05,"3,707.58"
2026/05/06,"3,723.33"
2026/05/07,"3,706.44"
2026/05/08,"3,729.27"
2026/05/09,"3,747.10"
2026/05/10,"3,747.10"
2026/05/11,"3,747.10"
2026/05/12,"3,759.00"
2026/05/13,"3,775.07"
2026/05/14,"3,794.91"
2026/05/15,"3,784.70"
2026/05/16,"3,796.78"
2026/05/17,"3,796.78"
2026/05/18,"3,796.78"
2026/05/19,"3,796.78"
2026/05/20,"3,796.87"
2026/05/21,"3,730.49"
2026/05/22,"3,701.37"
2026/05/23,"3,667.06"
2026/05/24,"3,667.06"
2026/05/25,"3,667.06"
2026/05/26,"3,667.06"
2026/05/27,"3,644.47"
2026/05/28,"3,631.57"
2026/05/29,"3,646.58"
2026/05/30,"3,678.15"
2026/05/31,"3,678.15"
2026/06/01,"3,678.15"
2026/06/02,"3,560.24"
2026/06/03,"3,562.00"
2026/06/04,"3,572.85"
2026/06/05,"3,565.32"
2026/06/06,"3,588.09"
2026/06/07,"3,588.09"
2026/06/08,"3,588.09"
2026/06/09,"3,588.09"
2026/06/10,"3,581.46"
2026/06/11,"3,567.11"
2026/06/12,"3,513.54"
2026/06/13,"3,475.72"
2026/06/14,"3,475.72"
2026/06/15,"3,475.72"
2026/06/16,"3,475.72"
2026/06/17,"3,427.07"
2026/06/18,"3,439.91"
2026/06/19,"3,459.53"
2026/06/20,"3,459.53"
2026/06/21,"3,459.53"
2026/06/22,"3,459.53"
2026/06/23,"3,406.14"
2026/06/24,"3,425.95"
2026/06/25,"3,428.32"
2026/06/26,"3,433.71"
2026/06/27,"3,443.59"
2026/06/28,"3,443.59"
2026/06/29,"3,443.59"
2026/06/30,"3,443.59"
2026/07/01,"3,440.83"
2026/07/02,"3,403.35"
2026/07/03,"3,357.82"
2026/07/04,"3,334.93"
2026/07/05,"3,334.93"
2026/07/06,"3,334.93"
2026/07/07,"3,350.68"
2026/07/08,"3,335.50"
2026/07/09,"3,339.65"
2026/07/10,"3,305.38"
2026/07/11,"3,248.87"
2026/07/12,"3,248.87"
2026/07/13,"3,248.87"
2026/07/14,"3,248.87"
2026/07/15,"3,252.11"
2026/07/16,"3,233.91"
2026/07/17,"3,221.41"
2026/07/18,"3,262.58"
2026/07/19,"3,262.58"
2026/07/20,"3,262.58"
2026/07/21,"3,262.58"
