Entity,Code,Year,UK government debt (% of nominal GDP)
United Kingdom,GBR,1900,31.8
United Kingdom,GBR,1901,33.9
United Kingdom,GBR,1902,36.4
United Kingdom,GBR,1903,36.7
United Kingdom,GBR,1904,36.6
United Kingdom,GBR,1905,35.8
United Kingdom,GBR,1906,33.1
United Kingdom,GBR,1907,30.7
United Kingdom,GBR,1908,31.5
United Kingdom,GBR,1909,30.4
United Kingdom,GBR,1910,28.7
United Kingdom,GBR,1911,25.8
United Kingdom,GBR,1912,23.8
United Kingdom,GBR,1913,21.8
United Kingdom,GBR,1914,20.7
United Kingdom,GBR,1915,29.1
United Kingdom,GBR,1916,57
United Kingdom,GBR,1917,87
United Kingdom,GBR,1918,109.9
United Kingdom,GBR,1919,128.5
United Kingdom,GBR,1920,115.3
United Kingdom,GBR,1921,149.4
United Kingdom,GBR,1922,172
United Kingdom,GBR,1923,179.9
United Kingdom,GBR,1924,174.1
United Kingdom,GBR,1925,165.5
United Kingdom,GBR,1926,170.7
United Kingdom,GBR,1927,162.3
United Kingdom,GBR,1928,162.4
United Kingdom,GBR,1929,154.9
United Kingdom,GBR,1930,162.9
United Kingdom,GBR,1931,164.2
United Kingdom,GBR,1932,187.3
United Kingdom,GBR,1933,190.6
United Kingdom,GBR,1934,194.6
United Kingdom,GBR,1935,180.4
United Kingdom,GBR,1936,169.1
United Kingdom,GBR,1937,152.2
United Kingdom,GBR,1938,151.6
United Kingdom,GBR,1939,138.5
United Kingdom,GBR,1940,127.8
United Kingdom,GBR,1941,137.7
United Kingdom,GBR,1942,155.6
United Kingdom,GBR,1943,174.8
United Kingdom,GBR,1944,199.6
United Kingdom,GBR,1945,235.4
United Kingdom,GBR,1946,247.7
United Kingdom,GBR,1947,249.8
United Kingdom,GBR,1948,221.9
United Kingdom,GBR,1949,206.8
United Kingdom,GBR,1950,194.4
United Kingdom,GBR,1951,173.8
United Kingdom,GBR,1952,151.1
United Kingdom,GBR,1953,144.2
United Kingdom,GBR,1954,142.6
United Kingdom,GBR,1955,130.2
United Kingdom,GBR,1956,114.2
United Kingdom,GBR,1957,108
United Kingdom,GBR,1958,101.6
United Kingdom,GBR,1959,99.9
United Kingdom,GBR,1960,93
United Kingdom,GBR,1961,87.9
United Kingdom,GBR,1962,85.5
United Kingdom,GBR,1963,85.4
United Kingdom,GBR,1964,78.5
United Kingdom,GBR,1965,71.6
United Kingdom,GBR,1966,69.1
United Kingdom,GBR,1967,67.9
United Kingdom,GBR,1968,65
United Kingdom,GBR,1969,57
United Kingdom,GBR,1970,50.2
United Kingdom,GBR,1971,45.1
United Kingdom,GBR,1972,45.1
United Kingdom,GBR,1973,37.3
United Kingdom,GBR,1974,32.6
United Kingdom,GBR,1975,33
United Kingdom,GBR,1976,33.2
United Kingdom,GBR,1977,36.2
United Kingdom,GBR,1978,37.7
United Kingdom,GBR,1979,35.4
United Kingdom,GBR,1980,30.8
United Kingdom,GBR,1981,33.4
United Kingdom,GBR,1982,33
United Kingdom,GBR,1983,36.3
United Kingdom,GBR,1984,37.5
United Kingdom,GBR,1985,36.6
United Kingdom,GBR,1986,39.7
United Kingdom,GBR,1987,38.9
United Kingdom,GBR,1988,36.9
United Kingdom,GBR,1989,32
United Kingdom,GBR,1990,25.7
United Kingdom,GBR,1991,25.9
United Kingdom,GBR,1992,27.1
United Kingdom,GBR,1993,33.1
United Kingdom,GBR,1994,38.2
United Kingdom,GBR,1995,39.3
United Kingdom,GBR,1996,41.2
United Kingdom,GBR,1997,41.6
United Kingdom,GBR,1998,43
United Kingdom,GBR,1999,43.6
United Kingdom,GBR,2000,39.6
United Kingdom,GBR,2001,39.3
United Kingdom,GBR,2002,36.2
United Kingdom,GBR,2003,37
United Kingdom,GBR,2004,37.7
United Kingdom,GBR,2005,39.6
United Kingdom,GBR,2006,41.8
United Kingdom,GBR,2007,41.2
United Kingdom,GBR,2008,44.1
United Kingdom,GBR,2009,59.2
United Kingdom,GBR,2010,74.2
United Kingdom,GBR,2011,80.3
United Kingdom,GBR,2012,93.7
United Kingdom,GBR,2013,99.5
United Kingdom,GBR,2014,95.3
United Kingdom,GBR,2015,107.1
United Kingdom,GBR,2016,106.8
United Kingdom,GBR,2017,86.3
United Kingdom,GBR,2018,85.8
United Kingdom,GBR,2019,85.3
United Kingdom,GBR,2020,104.5