IndicatorId,IndicatorName,IndicatorShortName,Source,SourceYear,Author,LocationId,Location,Iso2,Iso3,TimeId,Time,VariantId,Variant,SexId,Sex,AgeId,AgeStart,AgeEnd,Age,CategoryId,Category,EstimateTypeId,EstimateType,EstimateMethodId,EstimateMethod,Value
84,"Old-age dependency ratio","Old-age dependency ratio","World Population Prospects",2024,"United Nations Population Division",124,"Canada","CA","CAN",41,"1990",4,"Median",3,"Both sexes",1005,65,1564,"[65+/15-64]",0,"Not applicable",1,"Model-based Estimates",2,"Interpolation",16.517801650532906
84,"Old-age dependency ratio","Old-age dependency ratio","World Population Prospects",2024,"United Nations Population Division",124,"Canada","CA","CAN",42,"1991",4,"Median",3,"Both sexes",1005,65,1564,"[65+/15-64]",0,"Not applicable",1,"Model-based Estimates",2,"Interpolation",16.812149111723926
84,"Old-age dependency ratio","Old-age dependency ratio","World Population Prospects",2024,"United Nations Population Division",124,"Canada","CA","CAN",43,"1992",4,"Median",3,"Both sexes",1005,65,1564,"[65+/15-64]",0,"Not applicable",1,"Model-based Estimates",2,"Interpolation",17.0802810532261
84,"Old-age dependency ratio","Old-age dependency ratio","World Population Prospects",2024,"United Nations Population Division",124,"Canada","CA","CAN",44,"1993",4,"Median",3,"Both sexes",1005,65,1564,"[65+/15-64]",0,"Not applicable",1,"Model-based Estimates",2,"Interpolation",17.307934753317436
84,"Old-age dependency ratio","Old-age dependency ratio","World Population Prospects",2024,"United Nations Population Division",124,"Canada","CA","CAN",45,"1994",4,"Median",3,"Both sexes",1005,65,1564,"[65+/15-64]",0,"Not applicable",1,"Model-based Estimates",2,"Interpolation",17.501799593675496
84,"Old-age dependency ratio","Old-age dependency ratio","World Population Prospects",2024,"United Nations Population Division",124,"Canada","CA","CAN",46,"1995",4,"Median",3,"Both sexes",1005,65,1564,"[65+/15-64]",0,"Not applicable",1,"Model-based Estimates",2,"Interpolation",17.68335203630121
84,"Old-age dependency ratio","Old-age dependency ratio","World Population Prospects",2024,"United Nations Population Division",124,"Canada","CA","CAN",47,"1996",4,"Median",3,"Both sexes",1005,65,1564,"[65+/15-64]",0,"Not applicable",1,"Model-based Estimates",2,"Interpolation",17.8620827723344
84,"Old-age dependency ratio","Old-age dependency ratio","World Population Prospects",2024,"United Nations Population Division",124,"Canada","CA","CAN",48,"1997",4,"Median",3,"Both sexes",1005,65,1564,"[65+/15-64]",0,"Not applicable",1,"Model-based Estimates",2,"Interpolation",18.03533297555785
84,"Old-age dependency ratio","Old-age dependency ratio","World Population Prospects",2024,"United Nations Population Division",124,"Canada","CA","CAN",49,"1998",4,"Median",3,"Both sexes",1005,65,1564,"[65+/15-64]",0,"Not applicable",1,"Model-based Estimates",2,"Interpolation",18.182446719341115
84,"Old-age dependency ratio","Old-age dependency ratio","World Population Prospects",2024,"United Nations Population Division",124,"Canada","CA","CAN",50,"1999",4,"Median",3,"Both sexes",1005,65,1564,"[65+/15-64]",0,"Not applicable",1,"Model-based Estimates",2,"Interpolation",18.286048147554723
84,"Old-age dependency ratio","Old-age dependency ratio","World Population Prospects",2024,"United Nations Population Division",124,"Canada","CA","CAN",51,"2000",4,"Median",3,"Both sexes",1005,65,1564,"[65+/15-64]",0,"Not applicable",1,"Model-based Estimates",2,"Interpolation",18.366379122789816
84,"Old-age dependency ratio","Old-age dependency ratio","World Population Prospects",2024,"United Nations Population Division",124,"Canada","CA","CAN",52,"2001",4,"Median",3,"Both sexes",1005,65,1564,"[65+/15-64]",0,"Not applicable",1,"Model-based Estimates",2,"Interpolation",18.435786080504634
84,"Old-age dependency ratio","Old-age dependency ratio","World Population Prospects",2024,"United Nations Population Division",124,"Canada","CA","CAN",53,"2002",4,"Median",3,"Both sexes",1005,65,1564,"[65+/15-64]",0,"Not applicable",1,"Model-based Estimates",2,"Interpolation",18.503494043939735
84,"Old-age dependency ratio","Old-age dependency ratio","World Population Prospects",2024,"United Nations Population Division",124,"Canada","CA","CAN",54,"2003",4,"Median",3,"Both sexes",1005,65,1564,"[65+/15-64]",0,"Not applicable",1,"Model-based Estimates",2,"Interpolation",18.595463165719305
84,"Old-age dependency ratio","Old-age dependency ratio","World Population Prospects",2024,"United Nations Population Division",124,"Canada","CA","CAN",55,"2004",4,"Median",3,"Both sexes",1005,65,1564,"[65+/15-64]",0,"Not applicable",1,"Model-based Estimates",2,"Interpolation",18.706609811283236
84,"Old-age dependency ratio","Old-age dependency ratio","World Population Prospects",2024,"United Nations Population Division",124,"Canada","CA","CAN",56,"2005",4,"Median",3,"Both sexes",1005,65,1564,"[65+/15-64]",0,"Not applicable",1,"Model-based Estimates",2,"Interpolation",18.840983197807894
84,"Old-age dependency ratio","Old-age dependency ratio","World Population Prospects",2024,"United Nations Population Division",124,"Canada","CA","CAN",57,"2006",4,"Median",3,"Both sexes",1005,65,1564,"[65+/15-64]",0,"Not applicable",1,"Model-based Estimates",2,"Interpolation",19.039411565951372
84,"Old-age dependency ratio","Old-age dependency ratio","World Population Prospects",2024,"United Nations Population Division",124,"Canada","CA","CAN",58,"2007",4,"Median",3,"Both sexes",1005,65,1564,"[65+/15-64]",0,"Not applicable",1,"Model-based Estimates",2,"Interpolation",19.303064925726268
84,"Old-age dependency ratio","Old-age dependency ratio","World Population Prospects",2024,"United Nations Population Division",124,"Canada","CA","CAN",59,"2008",4,"Median",3,"Both sexes",1005,65,1564,"[65+/15-64]",0,"Not applicable",1,"Model-based Estimates",2,"Interpolation",19.61138679418963
84,"Old-age dependency ratio","Old-age dependency ratio","World Population Prospects",2024,"United Nations Population Division",124,"Canada","CA","CAN",60,"2009",4,"Median",3,"Both sexes",1005,65,1564,"[65+/15-64]",0,"Not applicable",1,"Model-based Estimates",2,"Interpolation",19.956128339598546
84,"Old-age dependency ratio","Old-age dependency ratio","World Population Prospects",2024,"United Nations Population Division",124,"Canada","CA","CAN",61,"2010",4,"Median",3,"Both sexes",1005,65,1564,"[65+/15-64]",0,"Not applicable",1,"Model-based Estimates",2,"Interpolation",20.35176917470711
84,"Old-age dependency ratio","Old-age dependency ratio","World Population Prospects",2024,"United Nations Population Division",124,"Canada","CA","CAN",62,"2011",4,"Median",3,"Both sexes",1005,65,1564,"[65+/15-64]",0,"Not applicable",1,"Model-based Estimates",2,"Interpolation",20.867719442204336
84,"Old-age dependency ratio","Old-age dependency ratio","World Population Prospects",2024,"United Nations Population Division",124,"Canada","CA","CAN",63,"2012",4,"Median",3,"Both sexes",1005,65,1564,"[65+/15-64]",0,"Not applicable",1,"Model-based Estimates",2,"Interpolation",21.525508718545513
84,"Old-age dependency ratio","Old-age dependency ratio","World Population Prospects",2024,"United Nations Population Division",124,"Canada","CA","CAN",64,"2013",4,"Median",3,"Both sexes",1005,65,1564,"[65+/15-64]",0,"Not applicable",1,"Model-based Estimates",2,"Interpolation",22.231703634973034
84,"Old-age dependency ratio","Old-age dependency ratio","World Population Prospects",2024,"United Nations Population Division",124,"Canada","CA","CAN",65,"2014",4,"Median",3,"Both sexes",1005,65,1564,"[65+/15-64]",0,"Not applicable",1,"Model-based Estimates",2,"Interpolation",22.92955796551115
84,"Old-age dependency ratio","Old-age dependency ratio","World Population Prospects",2024,"United Nations Population Division",124,"Canada","CA","CAN",66,"2015",4,"Median",3,"Both sexes",1005,65,1564,"[65+/15-64]",0,"Not applicable",1,"Model-based Estimates",2,"Interpolation",23.62880750747287
84,"Old-age dependency ratio","Old-age dependency ratio","World Population Prospects",2024,"United Nations Population Division",124,"Canada","CA","CAN",67,"2016",4,"Median",3,"Both sexes",1005,65,1564,"[65+/15-64]",0,"Not applicable",1,"Model-based Estimates",2,"Interpolation",24.3182246360388
84,"Old-age dependency ratio","Old-age dependency ratio","World Population Prospects",2024,"United Nations Population Division",124,"Canada","CA","CAN",68,"2017",4,"Median",3,"Both sexes",1005,65,1564,"[65+/15-64]",0,"Not applicable",1,"Model-based Estimates",2,"Interpolation",24.986180721709317
84,"Old-age dependency ratio","Old-age dependency ratio","World Population Prospects",2024,"United Nations Population Division",124,"Canada","CA","CAN",69,"2018",4,"Median",3,"Both sexes",1005,65,1564,"[65+/15-64]",0,"Not applicable",1,"Model-based Estimates",2,"Interpolation",25.648867910457426
84,"Old-age dependency ratio","Old-age dependency ratio","World Population Prospects",2024,"United Nations Population Division",124,"Canada","CA","CAN",70,"2019",4,"Median",3,"Both sexes",1005,65,1564,"[65+/15-64]",0,"Not applicable",1,"Model-based Estimates",2,"Interpolation",26.369769918960362
84,"Old-age dependency ratio","Old-age dependency ratio","World Population Prospects",2024,"United Nations Population Division",124,"Canada","CA","CAN",71,"2020",4,"Median",3,"Both sexes",1005,65,1564,"[65+/15-64]",0,"Not applicable",1,"Model-based Estimates",2,"Interpolation",27.19364133481728
84,"Old-age dependency ratio","Old-age dependency ratio","World Population Prospects",2024,"United Nations Population Division",124,"Canada","CA","CAN",72,"2021",4,"Median",3,"Both sexes",1005,65,1564,"[65+/15-64]",0,"Not applicable",1,"Model-based Estimates",2,"Interpolation",28.09936416258674
84,"Old-age dependency ratio","Old-age dependency ratio","World Population Prospects",2024,"United Nations Population Division",124,"Canada","CA","CAN",73,"2022",4,"Median",3,"Both sexes",1005,65,1564,"[65+/15-64]",0,"Not applicable",1,"Model-based Estimates",2,"Interpolation",28.91216333352718
84,"Old-age dependency ratio","Old-age dependency ratio","World Population Prospects",2024,"United Nations Population Division",124,"Canada","CA","CAN",74,"2023",4,"Median",3,"Both sexes",1005,65,1564,"[65+/15-64]",0,"Not applicable",1,"Model-based Estimates",2,"Interpolation",29.62795851234657
84,"Old-age dependency ratio","Old-age dependency ratio","World Population Prospects",2024,"United Nations Population Division",124,"Canada","CA","CAN",75,"2024",4,"Median",3,"Both sexes",1005,65,1564,"[65+/15-64]",0,"Not applicable",1,"Model-based Estimates",3,"Projection",30.4192164480686
84,"Old-age dependency ratio","Old-age dependency ratio","World Population Prospects",2024,"United Nations Population Division",124,"Canada","CA","CAN",76,"2025",4,"Median",3,"Both sexes",1005,65,1564,"[65+/15-64]",0,"Not applicable",1,"Model-based Estimates",3,"Projection",31.28563701822477
84,"Old-age dependency ratio","Old-age dependency ratio","World Population Prospects",2024,"United Nations Population Division",124,"Canada","CA","CAN",77,"2026",4,"Median",3,"Both sexes",1005,65,1564,"[65+/15-64]",0,"Not applicable",1,"Model-based Estimates",3,"Projection",32.189993156213845
84,"Old-age dependency ratio","Old-age dependency ratio","World Population Prospects",2024,"United Nations Population Division",156,"China","CN","CHN",41,"1990",4,"Median",3,"Both sexes",1005,65,1564,"[65+/15-64]",0,"Not applicable",1,"Model-based Estimates",2,"Interpolation",8.116311131862641
84,"Old-age dependency ratio","Old-age dependency ratio","World Population Prospects",2024,"United Nations Population Division",156,"China","CN","CHN",42,"1991",4,"Median",3,"Both sexes",1005,65,1564,"[65+/15-64]",0,"Not applicable",1,"Model-based Estimates",2,"Interpolation",8.274477725344367
84,"Old-age dependency ratio","Old-age dependency ratio","World Population Prospects",2024,"United Nations Population Division",156,"China","CN","CHN",43,"1992",4,"Median",3,"Both sexes",1005,65,1564,"[65+/15-64]",0,"Not applicable",1,"Model-based Estimates",2,"Interpolation",8.446670379859368
84,"Old-age dependency ratio","Old-age dependency ratio","World Population Prospects",2024,"United Nations Population Division",156,"China","CN","CHN",44,"1993",4,"Median",3,"Both sexes",1005,65,1564,"[65+/15-64]",0,"Not applicable",1,"Model-based Estimates",2,"Interpolation",8.660662014881883
84,"Old-age dependency ratio","Old-age dependency ratio","World Population Prospects",2024,"United Nations Population Division",156,"China","CN","CHN",45,"1994",4,"Median",3,"Both sexes",1005,65,1564,"[65+/15-64]",0,"Not applicable",1,"Model-based Estimates",2,"Interpolation",8.879517585182207
84,"Old-age dependency ratio","Old-age dependency ratio","World Population Prospects",2024,"United Nations Population Division",156,"China","CN","CHN",46,"1995",4,"Median",3,"Both sexes",1005,65,1564,"[65+/15-64]",0,"Not applicable",1,"Model-based Estimates",2,"Interpolation",9.100594503799572
84,"Old-age dependency ratio","Old-age dependency ratio","World Population Prospects",2024,"United Nations Population Division",156,"China","CN","CHN",47,"1996",4,"Median",3,"Both sexes",1005,65,1564,"[65+/15-64]",0,"Not applicable",1,"Model-based Estimates",2,"Interpolation",9.315601858658331
84,"Old-age dependency ratio","Old-age dependency ratio","World Population Prospects",2024,"United Nations Population Division",156,"China","CN","CHN",48,"1997",4,"Median",3,"Both sexes",1005,65,1564,"[65+/15-64]",0,"Not applicable",1,"Model-based Estimates",2,"Interpolation",9.516841211228723
84,"Old-age dependency ratio","Old-age dependency ratio","World Population Prospects",2024,"United Nations Population Division",156,"China","CN","CHN",49,"1998",4,"Median",3,"Both sexes",1005,65,1564,"[65+/15-64]",0,"Not applicable",1,"Model-based Estimates",2,"Interpolation",9.758713989057746
84,"Old-age dependency ratio","Old-age dependency ratio","World Population Prospects",2024,"United Nations Population Division",156,"China","CN","CHN",50,"1999",4,"Median",3,"Both sexes",1005,65,1564,"[65+/15-64]",0,"Not applicable",1,"Model-based Estimates",2,"Interpolation",10.01951701687372
84,"Old-age dependency ratio","Old-age dependency ratio","World Population Prospects",2024,"United Nations Population Division",156,"China","CN","CHN",51,"2000",4,"Median",3,"Both sexes",1005,65,1564,"[65+/15-64]",0,"Not applicable",1,"Model-based Estimates",2,"Interpolation",10.253706818776388
84,"Old-age dependency ratio","Old-age dependency ratio","World Population Prospects",2024,"United Nations Population Division",156,"China","CN","CHN",52,"2001",4,"Median",3,"Both sexes",1005,65,1564,"[65+/15-64]",0,"Not applicable",1,"Model-based Estimates",2,"Interpolation",10.457385822984518
84,"Old-age dependency ratio","Old-age dependency ratio","World Population Prospects",2024,"United Nations Population Division",156,"China","CN","CHN",53,"2002",4,"Median",3,"Both sexes",1005,65,1564,"[65+/15-64]",0,"Not applicable",1,"Model-based Estimates",2,"Interpolation",10.623829701327052
84,"Old-age dependency ratio","Old-age dependency ratio","World Population Prospects",2024,"United Nations Population Division",156,"China","CN","CHN",54,"2003",4,"Median",3,"Both sexes",1005,65,1564,"[65+/15-64]",0,"Not applicable",1,"Model-based Estimates",2,"Interpolation",10.769965670807006
84,"Old-age dependency ratio","Old-age dependency ratio","World Population Prospects",2024,"United Nations Population Division",156,"China","CN","CHN",55,"2004",4,"Median",3,"Both sexes",1005,65,1564,"[65+/15-64]",0,"Not applicable",1,"Model-based Estimates",2,"Interpolation",10.885835437901543
84,"Old-age dependency ratio","Old-age dependency ratio","World Population Prospects",2024,"United Nations Population Division",156,"China","CN","CHN",56,"2005",4,"Median",3,"Both sexes",1005,65,1564,"[65+/15-64]",0,"Not applicable",1,"Model-based Estimates",2,"Interpolation",10.98590707241479
84,"Old-age dependency ratio","Old-age dependency ratio","World Population Prospects",2024,"United Nations Population Division",156,"China","CN","CHN",57,"2006",4,"Median",3,"Both sexes",1005,65,1564,"[65+/15-64]",0,"Not applicable",1,"Model-based Estimates",2,"Interpolation",11.131199709092588
84,"Old-age dependency ratio","Old-age dependency ratio","World Population Prospects",2024,"United Nations Population Division",156,"China","CN","CHN",58,"2007",4,"Median",3,"Both sexes",1005,65,1564,"[65+/15-64]",0,"Not applicable",1,"Model-based Estimates",2,"Interpolation",11.309397632600225
84,"Old-age dependency ratio","Old-age dependency ratio","World Population Prospects",2024,"United Nations Population Division",156,"China","CN","CHN",59,"2008",4,"Median",3,"Both sexes",1005,65,1564,"[65+/15-64]",0,"Not applicable",1,"Model-based Estimates",2,"Interpolation",11.480616384613153
84,"Old-age dependency ratio","Old-age dependency ratio","World Population Prospects",2024,"United Nations Population Division",156,"China","CN","CHN",60,"2009",4,"Median",3,"Both sexes",1005,65,1564,"[65+/15-64]",0,"Not applicable",1,"Model-based Estimates",2,"Interpolation",11.664322873341884
84,"Old-age dependency ratio","Old-age dependency ratio","World Population Prospects",2024,"United Nations Population Division",156,"China","CN","CHN",61,"2010",4,"Median",3,"Both sexes",1005,65,1564,"[65+/15-64]",0,"Not applicable",1,"Model-based Estimates",2,"Interpolation",11.887097235655576
84,"Old-age dependency ratio","Old-age dependency ratio","World Population Prospects",2024,"United Nations Population Division",156,"China","CN","CHN",62,"2011",4,"Median",3,"Both sexes",1005,65,1564,"[65+/15-64]",0,"Not applicable",1,"Model-based Estimates",2,"Interpolation",12.16938530834143
84,"Old-age dependency ratio","Old-age dependency ratio","World Population Prospects",2024,"United Nations Population Division",156,"China","CN","CHN",63,"2012",4,"Median",3,"Both sexes",1005,65,1564,"[65+/15-64]",0,"Not applicable",1,"Model-based Estimates",2,"Interpolation",12.517244915153793
84,"Old-age dependency ratio","Old-age dependency ratio","World Population Prospects",2024,"United Nations Population Division",156,"China","CN","CHN",64,"2013",4,"Median",3,"Both sexes",1005,65,1564,"[65+/15-64]",0,"Not applicable",1,"Model-based Estimates",2,"Interpolation",12.934039979094932
84,"Old-age dependency ratio","Old-age dependency ratio","World Population Prospects",2024,"United Nations Population Division",156,"China","CN","CHN",65,"2014",4,"Median",3,"Both sexes",1005,65,1564,"[65+/15-64]",0,"Not applicable",1,"Model-based Estimates",2,"Interpolation",13.424312890028078
84,"Old-age dependency ratio","Old-age dependency ratio","World Population Prospects",2024,"United Nations Population Division",156,"China","CN","CHN",66,"2015",4,"Median",3,"Both sexes",1005,65,1564,"[65+/15-64]",0,"Not applicable",1,"Model-based Estimates",2,"Interpolation",14.03551673315011
84,"Old-age dependency ratio","Old-age dependency ratio","World Population Prospects",2024,"United Nations Population Division",156,"China","CN","CHN",67,"2016",4,"Median",3,"Both sexes",1005,65,1564,"[65+/15-64]",0,"Not applicable",1,"Model-based Estimates",2,"Interpolation",14.733347558284837
84,"Old-age dependency ratio","Old-age dependency ratio","World Population Prospects",2024,"United Nations Population Division",156,"China","CN","CHN",68,"2017",4,"Median",3,"Both sexes",1005,65,1564,"[65+/15-64]",0,"Not applicable",1,"Model-based Estimates",2,"Interpolation",15.53926120282047
84,"Old-age dependency ratio","Old-age dependency ratio","World Population Prospects",2024,"United Nations Population Division",156,"China","CN","CHN",69,"2018",4,"Median",3,"Both sexes",1005,65,1564,"[65+/15-64]",0,"Not applicable",1,"Model-based Estimates",2,"Interpolation",16.415305100325686
84,"Old-age dependency ratio","Old-age dependency ratio","World Population Prospects",2024,"United Nations Population Division",156,"China","CN","CHN",70,"2019",4,"Median",3,"Both sexes",1005,65,1564,"[65+/15-64]",0,"Not applicable",1,"Model-based Estimates",2,"Interpolation",17.294474659156833
84,"Old-age dependency ratio","Old-age dependency ratio","World Population Prospects",2024,"United Nations Population Division",156,"China","CN","CHN",71,"2020",4,"Median",3,"Both sexes",1005,65,1564,"[65+/15-64]",0,"Not applicable",1,"Model-based Estimates",2,"Interpolation",18.220823178346784
84,"Old-age dependency ratio","Old-age dependency ratio","World Population Prospects",2024,"United Nations Population Division",156,"China","CN","CHN",72,"2021",4,"Median",3,"Both sexes",1005,65,1564,"[65+/15-64]",0,"Not applicable",1,"Model-based Estimates",2,"Interpolation",19.080020475116754
84,"Old-age dependency ratio","Old-age dependency ratio","World Population Prospects",2024,"United Nations Population Division",156,"China","CN","CHN",73,"2022",4,"Median",3,"Both sexes",1005,65,1564,"[65+/15-64]",0,"Not applicable",1,"Model-based Estimates",2,"Interpolation",19.94598314261716
84,"Old-age dependency ratio","Old-age dependency ratio","World Population Prospects",2024,"United Nations Population Division",156,"China","CN","CHN",74,"2023",4,"Median",3,"Both sexes",1005,65,1564,"[65+/15-64]",0,"Not applicable",1,"Model-based Estimates",2,"Interpolation",20.7196180038383
84,"Old-age dependency ratio","Old-age dependency ratio","World Population Prospects",2024,"United Nations Population Division",156,"China","CN","CHN",75,"2024",4,"Median",3,"Both sexes",1005,65,1564,"[65+/15-64]",0,"Not applicable",1,"Model-based Estimates",3,"Projection",21.153787134794758
84,"Old-age dependency ratio","Old-age dependency ratio","World Population Prospects",2024,"United Nations Population Division",156,"China","CN","CHN",76,"2025",4,"Median",3,"Both sexes",1005,65,1564,"[65+/15-64]",0,"Not applicable",1,"Model-based Estimates",3,"Projection",21.39948050732259
84,"Old-age dependency ratio","Old-age dependency ratio","World Population Prospects",2024,"United Nations Population Division",156,"China","CN","CHN",77,"2026",4,"Median",3,"Both sexes",1005,65,1564,"[65+/15-64]",0,"Not applicable",1,"Model-based Estimates",3,"Projection",21.59427915961746
84,"Old-age dependency ratio","Old-age dependency ratio","World Population Prospects",2024,"United Nations Population Division",250,"France","FR","FRA",41,"1990",4,"Median",3,"Both sexes",1005,65,1564,"[65+/15-64]",0,"Not applicable",1,"Model-based Estimates",2,"Interpolation",21.22483662002124
84,"Old-age dependency ratio","Old-age dependency ratio","World Population Prospects",2024,"United Nations Population Division",250,"France","FR","FRA",42,"1991",4,"Median",3,"Both sexes",1005,65,1564,"[65+/15-64]",0,"Not applicable",1,"Model-based Estimates",2,"Interpolation",21.618462172304117
84,"Old-age dependency ratio","Old-age dependency ratio","World Population Prospects",2024,"United Nations Population Division",250,"France","FR","FRA",43,"1992",4,"Median",3,"Both sexes",1005,65,1564,"[65+/15-64]",0,"Not applicable",1,"Model-based Estimates",2,"Interpolation",21.991306390199295
84,"Old-age dependency ratio","Old-age dependency ratio","World Population Prospects",2024,"United Nations Population Division",250,"France","FR","FRA",44,"1993",4,"Median",3,"Both sexes",1005,65,1564,"[65+/15-64]",0,"Not applicable",1,"Model-based Estimates",2,"Interpolation",22.346934747076645
84,"Old-age dependency ratio","Old-age dependency ratio","World Population Prospects",2024,"United Nations Population Division",250,"France","FR","FRA",45,"1994",4,"Median",3,"Both sexes",1005,65,1564,"[65+/15-64]",0,"Not applicable",1,"Model-based Estimates",2,"Interpolation",22.715976370968914
84,"Old-age dependency ratio","Old-age dependency ratio","World Population Prospects",2024,"United Nations Population Division",250,"France","FR","FRA",46,"1995",4,"Median",3,"Both sexes",1005,65,1564,"[65+/15-64]",0,"Not applicable",1,"Model-based Estimates",2,"Interpolation",23.09854062171782
84,"Old-age dependency ratio","Old-age dependency ratio","World Population Prospects",2024,"United Nations Population Division",250,"France","FR","FRA",47,"1996",4,"Median",3,"Both sexes",1005,65,1564,"[65+/15-64]",0,"Not applicable",1,"Model-based Estimates",2,"Interpolation",23.45774390527991
84,"Old-age dependency ratio","Old-age dependency ratio","World Population Prospects",2024,"United Nations Population Division",250,"France","FR","FRA",48,"1997",4,"Median",3,"Both sexes",1005,65,1564,"[65+/15-64]",0,"Not applicable",1,"Model-based Estimates",2,"Interpolation",23.788230342620558
84,"Old-age dependency ratio","Old-age dependency ratio","World Population Prospects",2024,"United Nations Population Division",250,"France","FR","FRA",49,"1998",4,"Median",3,"Both sexes",1005,65,1564,"[65+/15-64]",0,"Not applicable",1,"Model-based Estimates",2,"Interpolation",24.096259368008766
84,"Old-age dependency ratio","Old-age dependency ratio","World Population Prospects",2024,"United Nations Population Division",250,"France","FR","FRA",50,"1999",4,"Median",3,"Both sexes",1005,65,1564,"[65+/15-64]",0,"Not applicable",1,"Model-based Estimates",2,"Interpolation",24.370697122276493
84,"Old-age dependency ratio","Old-age dependency ratio","World Population Prospects",2024,"United Nations Population Division",250,"France","FR","FRA",51,"2000",4,"Median",3,"Both sexes",1005,65,1564,"[65+/15-64]",0,"Not applicable",1,"Model-based Estimates",2,"Interpolation",24.604003386954776
84,"Old-age dependency ratio","Old-age dependency ratio","World Population Prospects",2024,"United Nations Population Division",250,"France","FR","FRA",52,"2001",4,"Median",3,"Both sexes",1005,65,1564,"[65+/15-64]",0,"Not applicable",1,"Model-based Estimates",2,"Interpolation",24.79549618549069
84,"Old-age dependency ratio","Old-age dependency ratio","World Population Prospects",2024,"United Nations Population Division",250,"France","FR","FRA",53,"2002",4,"Median",3,"Both sexes",1005,65,1564,"[65+/15-64]",0,"Not applicable",1,"Model-based Estimates",2,"Interpolation",24.947771557551665
84,"Old-age dependency ratio","Old-age dependency ratio","World Population Prospects",2024,"United Nations Population Division",250,"France","FR","FRA",54,"2003",4,"Median",3,"Both sexes",1005,65,1564,"[65+/15-64]",0,"Not applicable",1,"Model-based Estimates",2,"Interpolation",25.04021161564478
84,"Old-age dependency ratio","Old-age dependency ratio","World Population Prospects",2024,"United Nations Population Division",250,"France","FR","FRA",55,"2004",4,"Median",3,"Both sexes",1005,65,1564,"[65+/15-64]",0,"Not applicable",1,"Model-based Estimates",2,"Interpolation",25.159078113018314
84,"Old-age dependency ratio","Old-age dependency ratio","World Population Prospects",2024,"United Nations Population Division",250,"France","FR","FRA",56,"2005",4,"Median",3,"Both sexes",1005,65,1564,"[65+/15-64]",0,"Not applicable",1,"Model-based Estimates",2,"Interpolation",25.265681674745245
84,"Old-age dependency ratio","Old-age dependency ratio","World Population Prospects",2024,"United Nations Population Division",250,"France","FR","FRA",57,"2006",4,"Median",3,"Both sexes",1005,65,1564,"[65+/15-64]",0,"Not applicable",1,"Model-based Estimates",2,"Interpolation",25.256165234042932
84,"Old-age dependency ratio","Old-age dependency ratio","World Population Prospects",2024,"United Nations Population Division",250,"France","FR","FRA",58,"2007",4,"Median",3,"Both sexes",1005,65,1564,"[65+/15-64]",0,"Not applicable",1,"Model-based Estimates",2,"Interpolation",25.289046492497143
84,"Old-age dependency ratio","Old-age dependency ratio","World Population Prospects",2024,"United Nations Population Division",250,"France","FR","FRA",59,"2008",4,"Median",3,"Both sexes",1005,65,1564,"[65+/15-64]",0,"Not applicable",1,"Model-based Estimates",2,"Interpolation",25.463017397792797
84,"Old-age dependency ratio","Old-age dependency ratio","World Population Prospects",2024,"United Nations Population Division",250,"France","FR","FRA",60,"2009",4,"Median",3,"Both sexes",1005,65,1564,"[65+/15-64]",0,"Not applicable",1,"Model-based Estimates",2,"Interpolation",25.697674350394475
84,"Old-age dependency ratio","Old-age dependency ratio","World Population Prospects",2024,"United Nations Population Division",250,"France","FR","FRA",61,"2010",4,"Median",3,"Both sexes",1005,65,1564,"[65+/15-64]",0,"Not applicable",1,"Model-based Estimates",2,"Interpolation",25.94398921626699
84,"Old-age dependency ratio","Old-age dependency ratio","World Population Prospects",2024,"United Nations Population Division",250,"France","FR","FRA",62,"2011",4,"Median",3,"Both sexes",1005,65,1564,"[65+/15-64]",0,"Not applicable",1,"Model-based Estimates",2,"Interpolation",26.483123681801732
84,"Old-age dependency ratio","Old-age dependency ratio","World Population Prospects",2024,"United Nations Population Division",250,"France","FR","FRA",63,"2012",4,"Median",3,"Both sexes",1005,65,1564,"[65+/15-64]",0,"Not applicable",1,"Model-based Estimates",2,"Interpolation",27.324936209341836
84,"Old-age dependency ratio","Old-age dependency ratio","World Population Prospects",2024,"United Nations Population Division",250,"France","FR","FRA",64,"2013",4,"Median",3,"Both sexes",1005,65,1564,"[65+/15-64]",0,"Not applicable",1,"Model-based Estimates",2,"Interpolation",28.17954524806238
84,"Old-age dependency ratio","Old-age dependency ratio","World Population Prospects",2024,"United Nations Population Division",250,"France","FR","FRA",65,"2014",4,"Median",3,"Both sexes",1005,65,1564,"[65+/15-64]",0,"Not applicable",1,"Model-based Estimates",2,"Interpolation",29.06435692847487
84,"Old-age dependency ratio","Old-age dependency ratio","World Population Prospects",2024,"United Nations Population Division",250,"France","FR","FRA",66,"2015",4,"Median",3,"Both sexes",1005,65,1564,"[65+/15-64]",0,"Not applicable",1,"Model-based Estimates",2,"Interpolation",29.969164622443866
84,"Old-age dependency ratio","Old-age dependency ratio","World Population Prospects",2024,"United Nations Population Division",250,"France","FR","FRA",67,"2016",4,"Median",3,"Both sexes",1005,65,1564,"[65+/15-64]",0,"Not applicable",1,"Model-based Estimates",2,"Interpolation",30.790348176410376
84,"Old-age dependency ratio","Old-age dependency ratio","World Population Prospects",2024,"United Nations Population Division",250,"France","FR","FRA",68,"2017",4,"Median",3,"Both sexes",1005,65,1564,"[65+/15-64]",0,"Not applicable",1,"Model-based Estimates",2,"Interpolation",31.524767705242414
84,"Old-age dependency ratio","Old-age dependency ratio","World Population Prospects",2024,"United Nations Population Division",250,"France","FR","FRA",69,"2018",4,"Median",3,"Both sexes",1005,65,1564,"[65+/15-64]",0,"Not applicable",1,"Model-based Estimates",2,"Interpolation",32.22839476391743
84,"Old-age dependency ratio","Old-age dependency ratio","World Population Prospects",2024,"United Nations Population Division",250,"France","FR","FRA",70,"2019",4,"Median",3,"Both sexes",1005,65,1564,"[65+/15-64]",0,"Not applicable",1,"Model-based Estimates",2,"Interpolation",32.92950099233833
84,"Old-age dependency ratio","Old-age dependency ratio","World Population Prospects",2024,"United Nations Population Division",250,"France","FR","FRA",71,"2020",4,"Median",3,"Both sexes",1005,65,1564,"[65+/15-64]",0,"Not applicable",1,"Model-based Estimates",2,"Interpolation",33.56463249988613
84,"Old-age dependency ratio","Old-age dependency ratio","World Population Prospects",2024,"United Nations Population Division",250,"France","FR","FRA",72,"2021",4,"Median",3,"Both sexes",1005,65,1564,"[65+/15-64]",0,"Not applicable",1,"Model-based Estimates",2,"Interpolation",34.115681913956784
84,"Old-age dependency ratio","Old-age dependency ratio","World Population Prospects",2024,"United Nations Population Division",250,"France","FR","FRA",73,"2022",4,"Median",3,"Both sexes",1005,65,1564,"[65+/15-64]",0,"Not applicable",1,"Model-based Estimates",2,"Interpolation",34.7084273835075
84,"Old-age dependency ratio","Old-age dependency ratio","World Population Prospects",2024,"United Nations Population Division",250,"France","FR","FRA",74,"2023",4,"Median",3,"Both sexes",1005,65,1564,"[65+/15-64]",0,"Not applicable",1,"Model-based Estimates",2,"Interpolation",35.383975434834284
84,"Old-age dependency ratio","Old-age dependency ratio","World Population Prospects",2024,"United Nations Population Division",250,"France","FR","FRA",75,"2024",4,"Median",3,"Both sexes",1005,65,1564,"[65+/15-64]",0,"Not applicable",1,"Model-based Estimates",3,"Projection",36.099705672090366
84,"Old-age dependency ratio","Old-age dependency ratio","World Population Prospects",2024,"United Nations Population Division",250,"France","FR","FRA",76,"2025",4,"Median",3,"Both sexes",1005,65,1564,"[65+/15-64]",0,"Not applicable",1,"Model-based Estimates",3,"Projection",36.81316336768712
84,"Old-age dependency ratio","Old-age dependency ratio","World Population Prospects",2024,"United Nations Population Division",250,"France","FR","FRA",77,"2026",4,"Median",3,"Both sexes",1005,65,1564,"[65+/15-64]",0,"Not applicable",1,"Model-based Estimates",3,"Projection",37.51665545087896
84,"Old-age dependency ratio","Old-age dependency ratio","World Population Prospects",2024,"United Nations Population Division",276,"Germany","DE","DEU",41,"1990",4,"Median",3,"Both sexes",1005,65,1564,"[65+/15-64]",0,"Not applicable",1,"Model-based Estimates",2,"Interpolation",21.532497943061784
84,"Old-age dependency ratio","Old-age dependency ratio","World Population Prospects",2024,"United Nations Population Division",276,"Germany","DE","DEU",42,"1991",4,"Median",3,"Both sexes",1005,65,1564,"[65+/15-64]",0,"Not applicable",1,"Model-based Estimates",2,"Interpolation",21.647406395519997
84,"Old-age dependency ratio","Old-age dependency ratio","World Population Prospects",2024,"United Nations Population Division",276,"Germany","DE","DEU",43,"1992",4,"Median",3,"Both sexes",1005,65,1564,"[65+/15-64]",0,"Not applicable",1,"Model-based Estimates",2,"Interpolation",21.74821654901932
84,"Old-age dependency ratio","Old-age dependency ratio","World Population Prospects",2024,"United Nations Population Division",276,"Germany","DE","DEU",44,"1993",4,"Median",3,"Both sexes",1005,65,1564,"[65+/15-64]",0,"Not applicable",1,"Model-based Estimates",2,"Interpolation",21.931973377800315
84,"Old-age dependency ratio","Old-age dependency ratio","World Population Prospects",2024,"United Nations Population Division",276,"Germany","DE","DEU",45,"1994",4,"Median",3,"Both sexes",1005,65,1564,"[65+/15-64]",0,"Not applicable",1,"Model-based Estimates",2,"Interpolation",22.23148124270795
84,"Old-age dependency ratio","Old-age dependency ratio","World Population Prospects",2024,"United Nations Population Division",276,"Germany","DE","DEU",46,"1995",4,"Median",3,"Both sexes",1005,65,1564,"[65+/15-64]",0,"Not applicable",1,"Model-based Estimates",2,"Interpolation",22.52742873251131
84,"Old-age dependency ratio","Old-age dependency ratio","World Population Prospects",2024,"United Nations Population Division",276,"Germany","DE","DEU",47,"1996",4,"Median",3,"Both sexes",1005,65,1564,"[65+/15-64]",0,"Not applicable",1,"Model-based Estimates",2,"Interpolation",22.751714174433058
84,"Old-age dependency ratio","Old-age dependency ratio","World Population Prospects",2024,"United Nations Population Division",276,"Germany","DE","DEU",48,"1997",4,"Median",3,"Both sexes",1005,65,1564,"[65+/15-64]",0,"Not applicable",1,"Model-based Estimates",2,"Interpolation",22.921963807117724
84,"Old-age dependency ratio","Old-age dependency ratio","World Population Prospects",2024,"United Nations Population Division",276,"Germany","DE","DEU",49,"1998",4,"Median",3,"Both sexes",1005,65,1564,"[65+/15-64]",0,"Not applicable",1,"Model-based Estimates",2,"Interpolation",23.19814119287437
84,"Old-age dependency ratio","Old-age dependency ratio","World Population Prospects",2024,"United Nations Population Division",276,"Germany","DE","DEU",50,"1999",4,"Median",3,"Both sexes",1005,65,1564,"[65+/15-64]",0,"Not applicable",1,"Model-based Estimates",2,"Interpolation",23.654996133077287
84,"Old-age dependency ratio","Old-age dependency ratio","World Population Prospects",2024,"United Nations Population Division",276,"Germany","DE","DEU",51,"2000",4,"Median",3,"Both sexes",1005,65,1564,"[65+/15-64]",0,"Not applicable",1,"Model-based Estimates",2,"Interpolation",24.247725958601436
84,"Old-age dependency ratio","Old-age dependency ratio","World Population Prospects",2024,"United Nations Population Division",276,"Germany","DE","DEU",52,"2001",4,"Median",3,"Both sexes",1005,65,1564,"[65+/15-64]",0,"Not applicable",1,"Model-based Estimates",2,"Interpolation",24.910815828247053
84,"Old-age dependency ratio","Old-age dependency ratio","World Population Prospects",2024,"United Nations Population Division",276,"Germany","DE","DEU",53,"2002",4,"Median",3,"Both sexes",1005,65,1564,"[65+/15-64]",0,"Not applicable",1,"Model-based Estimates",2,"Interpolation",25.588295282498834
84,"Old-age dependency ratio","Old-age dependency ratio","World Population Prospects",2024,"United Nations Population Division",276,"Germany","DE","DEU",54,"2003",4,"Median",3,"Both sexes",1005,65,1564,"[65+/15-64]",0,"Not applicable",1,"Model-based Estimates",2,"Interpolation",26.339651374919672
84,"Old-age dependency ratio","Old-age dependency ratio","World Population Prospects",2024,"United Nations Population Division",276,"Germany","DE","DEU",55,"2004",4,"Median",3,"Both sexes",1005,65,1564,"[65+/15-64]",0,"Not applicable",1,"Model-based Estimates",2,"Interpolation",27.27046388029501
84,"Old-age dependency ratio","Old-age dependency ratio","World Population Prospects",2024,"United Nations Population Division",276,"Germany","DE","DEU",56,"2005",4,"Median",3,"Both sexes",1005,65,1564,"[65+/15-64]",0,"Not applicable",1,"Model-based Estimates",2,"Interpolation",28.29589608103929
84,"Old-age dependency ratio","Old-age dependency ratio","World Population Prospects",2024,"United Nations Population Division",276,"Germany","DE","DEU",57,"2006",4,"Median",3,"Both sexes",1005,65,1564,"[65+/15-64]",0,"Not applicable",1,"Model-based Estimates",2,"Interpolation",29.408050433168178
84,"Old-age dependency ratio","Old-age dependency ratio","World Population Prospects",2024,"United Nations Population Division",276,"Germany","DE","DEU",58,"2007",4,"Median",3,"Both sexes",1005,65,1564,"[65+/15-64]",0,"Not applicable",1,"Model-based Estimates",2,"Interpolation",30.27891250773493
84,"Old-age dependency ratio","Old-age dependency ratio","World Population Prospects",2024,"United Nations Population Division",276,"Germany","DE","DEU",59,"2008",4,"Median",3,"Both sexes",1005,65,1564,"[65+/15-64]",0,"Not applicable",1,"Model-based Estimates",2,"Interpolation",30.799186671702785
84,"Old-age dependency ratio","Old-age dependency ratio","World Population Prospects",2024,"United Nations Population Division",276,"Germany","DE","DEU",60,"2009",4,"Median",3,"Both sexes",1005,65,1564,"[65+/15-64]",0,"Not applicable",1,"Model-based Estimates",2,"Interpolation",31.2252215587284
84,"Old-age dependency ratio","Old-age dependency ratio","World Population Prospects",2024,"United Nations Population Division",276,"Germany","DE","DEU",61,"2010",4,"Median",3,"Both sexes",1005,65,1564,"[65+/15-64]",0,"Not applicable",1,"Model-based Estimates",2,"Interpolation",31.283647538320764
84,"Old-age dependency ratio","Old-age dependency ratio","World Population Prospects",2024,"United Nations Population Division",276,"Germany","DE","DEU",62,"2011",4,"Median",3,"Both sexes",1005,65,1564,"[65+/15-64]",0,"Not applicable",1,"Model-based Estimates",2,"Interpolation",31.14060075035476
84,"Old-age dependency ratio","Old-age dependency ratio","World Population Prospects",2024,"United Nations Population Division",276,"Germany","DE","DEU",63,"2012",4,"Median",3,"Both sexes",1005,65,1564,"[65+/15-64]",0,"Not applicable",1,"Model-based Estimates",2,"Interpolation",31.282653456069816
84,"Old-age dependency ratio","Old-age dependency ratio","World Population Prospects",2024,"United Nations Population Division",276,"Germany","DE","DEU",64,"2013",4,"Median",3,"Both sexes",1005,65,1564,"[65+/15-64]",0,"Not applicable",1,"Model-based Estimates",2,"Interpolation",31.556581883309143
84,"Old-age dependency ratio","Old-age dependency ratio","World Population Prospects",2024,"United Nations Population Division",276,"Germany","DE","DEU",65,"2014",4,"Median",3,"Both sexes",1005,65,1564,"[65+/15-64]",0,"Not applicable",1,"Model-based Estimates",2,"Interpolation",31.822002103269828
84,"Old-age dependency ratio","Old-age dependency ratio","World Population Prospects",2024,"United Nations Population Division",276,"Germany","DE","DEU",66,"2015",4,"Median",3,"Both sexes",1005,65,1564,"[65+/15-64]",0,"Not applicable",1,"Model-based Estimates",2,"Interpolation",32.02686842119993
84,"Old-age dependency ratio","Old-age dependency ratio","World Population Prospects",2024,"United Nations Population Division",276,"Germany","DE","DEU",67,"2016",4,"Median",3,"Both sexes",1005,65,1564,"[65+/15-64]",0,"Not applicable",1,"Model-based Estimates",2,"Interpolation",32.2482097903939
84,"Old-age dependency ratio","Old-age dependency ratio","World Population Prospects",2024,"United Nations Population Division",276,"Germany","DE","DEU",68,"2017",4,"Median",3,"Both sexes",1005,65,1564,"[65+/15-64]",0,"Not applicable",1,"Model-based Estimates",2,"Interpolation",32.63426165766739
84,"Old-age dependency ratio","Old-age dependency ratio","World Population Prospects",2024,"United Nations Population Division",276,"Germany","DE","DEU",69,"2018",4,"Median",3,"Both sexes",1005,65,1564,"[65+/15-64]",0,"Not applicable",1,"Model-based Estimates",2,"Interpolation",33.00591807268801
84,"Old-age dependency ratio","Old-age dependency ratio","World Population Prospects",2024,"United Nations Population Division",276,"Germany","DE","DEU",70,"2019",4,"Median",3,"Both sexes",1005,65,1564,"[65+/15-64]",0,"Not applicable",1,"Model-based Estimates",2,"Interpolation",33.424083363143275
84,"Old-age dependency ratio","Old-age dependency ratio","World Population Prospects",2024,"United Nations Population Division",276,"Germany","DE","DEU",71,"2020",4,"Median",3,"Both sexes",1005,65,1564,"[65+/15-64]",0,"Not applicable",1,"Model-based Estimates",2,"Interpolation",33.923785266444945
84,"Old-age dependency ratio","Old-age dependency ratio","World Population Prospects",2024,"United Nations Population Division",276,"Germany","DE","DEU",72,"2021",4,"Median",3,"Both sexes",1005,65,1564,"[65+/15-64]",0,"Not applicable",1,"Model-based Estimates",2,"Interpolation",34.58103697927396
84,"Old-age dependency ratio","Old-age dependency ratio","World Population Prospects",2024,"United Nations Population Division",276,"Germany","DE","DEU",73,"2022",4,"Median",3,"Both sexes",1005,65,1564,"[65+/15-64]",0,"Not applicable",1,"Model-based Estimates",2,"Interpolation",35.29689418924961
84,"Old-age dependency ratio","Old-age dependency ratio","World Population Prospects",2024,"United Nations Population Division",276,"Germany","DE","DEU",74,"2023",4,"Median",3,"Both sexes",1005,65,1564,"[65+/15-64]",0,"Not applicable",1,"Model-based Estimates",2,"Interpolation",36.006422472235855
84,"Old-age dependency ratio","Old-age dependency ratio","World Population Prospects",2024,"United Nations Population Division",276,"Germany","DE","DEU",75,"2024",4,"Median",3,"Both sexes",1005,65,1564,"[65+/15-64]",0,"Not applicable",1,"Model-based Estimates",3,"Projection",36.880297141887254
84,"Old-age dependency ratio","Old-age dependency ratio","World Population Prospects",2024,"United Nations Population Division",276,"Germany","DE","DEU",76,"2025",4,"Median",3,"Both sexes",1005,65,1564,"[65+/15-64]",0,"Not applicable",1,"Model-based Estimates",3,"Projection",37.979260028741805
84,"Old-age dependency ratio","Old-age dependency ratio","World Population Prospects",2024,"United Nations Population Division",276,"Germany","DE","DEU",77,"2026",4,"Median",3,"Both sexes",1005,65,1564,"[65+/15-64]",0,"Not applicable",1,"Model-based Estimates",3,"Projection",39.163518856210956
84,"Old-age dependency ratio","Old-age dependency ratio","World Population Prospects",2024,"United Nations Population Division",380,"Italy","IT","ITA",41,"1990",4,"Median",3,"Both sexes",1005,65,1564,"[65+/15-64]",0,"Not applicable",1,"Model-based Estimates",2,"Interpolation",21.821509363015995
84,"Old-age dependency ratio","Old-age dependency ratio","World Population Prospects",2024,"United Nations Population Division",380,"Italy","IT","ITA",42,"1991",4,"Median",3,"Both sexes",1005,65,1564,"[65+/15-64]",0,"Not applicable",1,"Model-based Estimates",2,"Interpolation",22.247007283234666
84,"Old-age dependency ratio","Old-age dependency ratio","World Population Prospects",2024,"United Nations Population Division",380,"Italy","IT","ITA",43,"1992",4,"Median",3,"Both sexes",1005,65,1564,"[65+/15-64]",0,"Not applicable",1,"Model-based Estimates",2,"Interpolation",22.71307084219176
84,"Old-age dependency ratio","Old-age dependency ratio","World Population Prospects",2024,"United Nations Population Division",380,"Italy","IT","ITA",44,"1993",4,"Median",3,"Both sexes",1005,65,1564,"[65+/15-64]",0,"Not applicable",1,"Model-based Estimates",2,"Interpolation",23.232347739188047
84,"Old-age dependency ratio","Old-age dependency ratio","World Population Prospects",2024,"United Nations Population Division",380,"Italy","IT","ITA",45,"1994",4,"Median",3,"Both sexes",1005,65,1564,"[65+/15-64]",0,"Not applicable",1,"Model-based Estimates",2,"Interpolation",24.38795031308449
84,"Old-age dependency ratio","Old-age dependency ratio","World Population Prospects",2024,"United Nations Population Division",380,"Italy","IT","ITA",46,"1995",4,"Median",3,"Both sexes",1005,65,1564,"[65+/15-64]",0,"Not applicable",1,"Model-based Estimates",2,"Interpolation",24.93126093956746
84,"Old-age dependency ratio","Old-age dependency ratio","World Population Prospects",2024,"United Nations Population Division",380,"Italy","IT","ITA",47,"1996",4,"Median",3,"Both sexes",1005,65,1564,"[65+/15-64]",0,"Not applicable",1,"Model-based Estimates",2,"Interpolation",24.876879628262298
84,"Old-age dependency ratio","Old-age dependency ratio","World Population Prospects",2024,"United Nations Population Division",380,"Italy","IT","ITA",48,"1997",4,"Median",3,"Both sexes",1005,65,1564,"[65+/15-64]",0,"Not applicable",1,"Model-based Estimates",2,"Interpolation",25.441674674867066
84,"Old-age dependency ratio","Old-age dependency ratio","World Population Prospects",2024,"United Nations Population Division",380,"Italy","IT","ITA",49,"1998",4,"Median",3,"Both sexes",1005,65,1564,"[65+/15-64]",0,"Not applicable",1,"Model-based Estimates",2,"Interpolation",25.9356302451327
84,"Old-age dependency ratio","Old-age dependency ratio","World Population Prospects",2024,"United Nations Population Division",380,"Italy","IT","ITA",50,"1999",4,"Median",3,"Both sexes",1005,65,1564,"[65+/15-64]",0,"Not applicable",1,"Model-based Estimates",2,"Interpolation",26.44146038098872
84,"Old-age dependency ratio","Old-age dependency ratio","World Population Prospects",2024,"United Nations Population Division",380,"Italy","IT","ITA",51,"2000",4,"Median",3,"Both sexes",1005,65,1564,"[65+/15-64]",0,"Not applicable",1,"Model-based Estimates",2,"Interpolation",26.98439545770346
84,"Old-age dependency ratio","Old-age dependency ratio","World Population Prospects",2024,"United Nations Population Division",380,"Italy","IT","ITA",52,"2001",4,"Median",3,"Both sexes",1005,65,1564,"[65+/15-64]",0,"Not applicable",1,"Model-based Estimates",2,"Interpolation",27.529868457419965
84,"Old-age dependency ratio","Old-age dependency ratio","World Population Prospects",2024,"United Nations Population Division",380,"Italy","IT","ITA",53,"2002",4,"Median",3,"Both sexes",1005,65,1564,"[65+/15-64]",0,"Not applicable",1,"Model-based Estimates",2,"Interpolation",28.07550028485452
84,"Old-age dependency ratio","Old-age dependency ratio","World Population Prospects",2024,"United Nations Population Division",380,"Italy","IT","ITA",54,"2003",4,"Median",3,"Both sexes",1005,65,1564,"[65+/15-64]",0,"Not applicable",1,"Model-based Estimates",2,"Interpolation",28.552730277646113
84,"Old-age dependency ratio","Old-age dependency ratio","World Population Prospects",2024,"United Nations Population Division",380,"Italy","IT","ITA",55,"2004",4,"Median",3,"Both sexes",1005,65,1564,"[65+/15-64]",0,"Not applicable",1,"Model-based Estimates",2,"Interpolation",29.05899718556743
84,"Old-age dependency ratio","Old-age dependency ratio","World Population Prospects",2024,"United Nations Population Division",380,"Italy","IT","ITA",56,"2005",4,"Median",3,"Both sexes",1005,65,1564,"[65+/15-64]",0,"Not applicable",1,"Model-based Estimates",2,"Interpolation",29.639371101490685
84,"Old-age dependency ratio","Old-age dependency ratio","World Population Prospects",2024,"United Nations Population Division",380,"Italy","IT","ITA",57,"2006",4,"Median",3,"Both sexes",1005,65,1564,"[65+/15-64]",0,"Not applicable",1,"Model-based Estimates",2,"Interpolation",30.214691007114794
84,"Old-age dependency ratio","Old-age dependency ratio","World Population Prospects",2024,"United Nations Population Division",380,"Italy","IT","ITA",58,"2007",4,"Median",3,"Both sexes",1005,65,1564,"[65+/15-64]",0,"Not applicable",1,"Model-based Estimates",2,"Interpolation",30.568364781231086
84,"Old-age dependency ratio","Old-age dependency ratio","World Population Prospects",2024,"United Nations Population Division",380,"Italy","IT","ITA",59,"2008",4,"Median",3,"Both sexes",1005,65,1564,"[65+/15-64]",0,"Not applicable",1,"Model-based Estimates",2,"Interpolation",30.720104252936874
84,"Old-age dependency ratio","Old-age dependency ratio","World Population Prospects",2024,"United Nations Population Division",380,"Italy","IT","ITA",60,"2009",4,"Median",3,"Both sexes",1005,65,1564,"[65+/15-64]",0,"Not applicable",1,"Model-based Estimates",2,"Interpolation",30.9430820439875
84,"Old-age dependency ratio","Old-age dependency ratio","World Population Prospects",2024,"United Nations Population Division",380,"Italy","IT","ITA",61,"2010",4,"Median",3,"Both sexes",1005,65,1564,"[65+/15-64]",0,"Not applicable",1,"Model-based Estimates",2,"Interpolation",31.232676439191007
84,"Old-age dependency ratio","Old-age dependency ratio","World Population Prospects",2024,"United Nations Population Division",380,"Italy","IT","ITA",62,"2011",4,"Median",3,"Both sexes",1005,65,1564,"[65+/15-64]",0,"Not applicable",1,"Model-based Estimates",2,"Interpolation",31.67884095959222
84,"Old-age dependency ratio","Old-age dependency ratio","World Population Prospects",2024,"United Nations Population Division",380,"Italy","IT","ITA",63,"2012",4,"Median",3,"Both sexes",1005,65,1564,"[65+/15-64]",0,"Not applicable",1,"Model-based Estimates",2,"Interpolation",32.28670622420536
84,"Old-age dependency ratio","Old-age dependency ratio","World Population Prospects",2024,"United Nations Population Division",380,"Italy","IT","ITA",64,"2013",4,"Median",3,"Both sexes",1005,65,1564,"[65+/15-64]",0,"Not applicable",1,"Model-based Estimates",2,"Interpolation",32.94231722436794
84,"Old-age dependency ratio","Old-age dependency ratio","World Population Prospects",2024,"United Nations Population Division",380,"Italy","IT","ITA",65,"2014",4,"Median",3,"Both sexes",1005,65,1564,"[65+/15-64]",0,"Not applicable",1,"Model-based Estimates",2,"Interpolation",33.65338108084158
84,"Old-age dependency ratio","Old-age dependency ratio","World Population Prospects",2024,"United Nations Population Division",380,"Italy","IT","ITA",66,"2015",4,"Median",3,"Both sexes",1005,65,1564,"[65+/15-64]",0,"Not applicable",1,"Model-based Estimates",2,"Interpolation",34.277849388427974
84,"Old-age dependency ratio","Old-age dependency ratio","World Population Prospects",2024,"United Nations Population Division",380,"Italy","IT","ITA",67,"2016",4,"Median",3,"Both sexes",1005,65,1564,"[65+/15-64]",0,"Not applicable",1,"Model-based Estimates",2,"Interpolation",34.785058917692936
84,"Old-age dependency ratio","Old-age dependency ratio","World Population Prospects",2024,"United Nations Population Division",380,"Italy","IT","ITA",68,"2017",4,"Median",3,"Both sexes",1005,65,1564,"[65+/15-64]",0,"Not applicable",1,"Model-based Estimates",2,"Interpolation",35.220846756783104
84,"Old-age dependency ratio","Old-age dependency ratio","World Population Prospects",2024,"United Nations Population Division",380,"Italy","IT","ITA",69,"2018",4,"Median",3,"Both sexes",1005,65,1564,"[65+/15-64]",0,"Not applicable",1,"Model-based Estimates",2,"Interpolation",35.64791516785963
84,"Old-age dependency ratio","Old-age dependency ratio","World Population Prospects",2024,"United Nations Population Division",380,"Italy","IT","ITA",70,"2019",4,"Median",3,"Both sexes",1005,65,1564,"[65+/15-64]",0,"Not applicable",1,"Model-based Estimates",2,"Interpolation",36.1726492579085
84,"Old-age dependency ratio","Old-age dependency ratio","World Population Prospects",2024,"United Nations Population Division",380,"Italy","IT","ITA",71,"2020",4,"Median",3,"Both sexes",1005,65,1564,"[65+/15-64]",0,"Not applicable",1,"Model-based Estimates",2,"Interpolation",36.647558087226194
84,"Old-age dependency ratio","Old-age dependency ratio","World Population Prospects",2024,"United Nations Population Division",380,"Italy","IT","ITA",72,"2021",4,"Median",3,"Both sexes",1005,65,1564,"[65+/15-64]",0,"Not applicable",1,"Model-based Estimates",2,"Interpolation",37.132345745013325
84,"Old-age dependency ratio","Old-age dependency ratio","World Population Prospects",2024,"United Nations Population Division",380,"Italy","IT","ITA",73,"2022",4,"Median",3,"Both sexes",1005,65,1564,"[65+/15-64]",0,"Not applicable",1,"Model-based Estimates",2,"Interpolation",37.57663751624938
84,"Old-age dependency ratio","Old-age dependency ratio","World Population Prospects",2024,"United Nations Population Division",380,"Italy","IT","ITA",74,"2023",4,"Median",3,"Both sexes",1005,65,1564,"[65+/15-64]",0,"Not applicable",1,"Model-based Estimates",2,"Interpolation",38.05783780844352
84,"Old-age dependency ratio","Old-age dependency ratio","World Population Prospects",2024,"United Nations Population Division",380,"Italy","IT","ITA",75,"2024",4,"Median",3,"Both sexes",1005,65,1564,"[65+/15-64]",0,"Not applicable",1,"Model-based Estimates",3,"Projection",38.789610237513834
84,"Old-age dependency ratio","Old-age dependency ratio","World Population Prospects",2024,"United Nations Population Division",380,"Italy","IT","ITA",76,"2025",4,"Median",3,"Both sexes",1005,65,1564,"[65+/15-64]",0,"Not applicable",1,"Model-based Estimates",3,"Projection",39.68417835519396
84,"Old-age dependency ratio","Old-age dependency ratio","World Population Prospects",2024,"United Nations Population Division",380,"Italy","IT","ITA",77,"2026",4,"Median",3,"Both sexes",1005,65,1564,"[65+/15-64]",0,"Not applicable",1,"Model-based Estimates",3,"Projection",40.65555452630097
84,"Old-age dependency ratio","Old-age dependency ratio","World Population Prospects",2024,"United Nations Population Division",392,"Japan","JP","JPN",41,"1990",4,"Median",3,"Both sexes",1005,65,1564,"[65+/15-64]",0,"Not applicable",1,"Model-based Estimates",2,"Interpolation",17.415177935057173
84,"Old-age dependency ratio","Old-age dependency ratio","World Population Prospects",2024,"United Nations Population Division",392,"Japan","JP","JPN",42,"1991",4,"Median",3,"Both sexes",1005,65,1564,"[65+/15-64]",0,"Not applicable",1,"Model-based Estimates",2,"Interpolation",18.070931787001857
84,"Old-age dependency ratio","Old-age dependency ratio","World Population Prospects",2024,"United Nations Population Division",392,"Japan","JP","JPN",43,"1992",4,"Median",3,"Both sexes",1005,65,1564,"[65+/15-64]",0,"Not applicable",1,"Model-based Estimates",2,"Interpolation",18.784239421001864
84,"Old-age dependency ratio","Old-age dependency ratio","World Population Prospects",2024,"United Nations Population Division",392,"Japan","JP","JPN",44,"1993",4,"Median",3,"Both sexes",1005,65,1564,"[65+/15-64]",0,"Not applicable",1,"Model-based Estimates",2,"Interpolation",19.50523508708258
84,"Old-age dependency ratio","Old-age dependency ratio","World Population Prospects",2024,"United Nations Population Division",392,"Japan","JP","JPN",45,"1994",4,"Median",3,"Both sexes",1005,65,1564,"[65+/15-64]",0,"Not applicable",1,"Model-based Estimates",2,"Interpolation",20.249556210611996
84,"Old-age dependency ratio","Old-age dependency ratio","World Population Prospects",2024,"United Nations Population Division",392,"Japan","JP","JPN",46,"1995",4,"Median",3,"Both sexes",1005,65,1564,"[65+/15-64]",0,"Not applicable",1,"Model-based Estimates",2,"Interpolation",21.03233892000336
84,"Old-age dependency ratio","Old-age dependency ratio","World Population Prospects",2024,"United Nations Population Division",392,"Japan","JP","JPN",47,"1996",4,"Median",3,"Both sexes",1005,65,1564,"[65+/15-64]",0,"Not applicable",1,"Model-based Estimates",2,"Interpolation",21.882819196627203
84,"Old-age dependency ratio","Old-age dependency ratio","World Population Prospects",2024,"United Nations Population Division",392,"Japan","JP","JPN",48,"1997",4,"Median",3,"Both sexes",1005,65,1564,"[65+/15-64]",0,"Not applicable",1,"Model-based Estimates",2,"Interpolation",22.790800048554864
84,"Old-age dependency ratio","Old-age dependency ratio","World Population Prospects",2024,"United Nations Population Division",392,"Japan","JP","JPN",49,"1998",4,"Median",3,"Both sexes",1005,65,1564,"[65+/15-64]",0,"Not applicable",1,"Model-based Estimates",2,"Interpolation",23.697907330099458
84,"Old-age dependency ratio","Old-age dependency ratio","World Population Prospects",2024,"United Nations Population Division",392,"Japan","JP","JPN",50,"1999",4,"Median",3,"Both sexes",1005,65,1564,"[65+/15-64]",0,"Not applicable",1,"Model-based Estimates",2,"Interpolation",24.60771569024092
84,"Old-age dependency ratio","Old-age dependency ratio","World Population Prospects",2024,"United Nations Population Division",392,"Japan","JP","JPN",51,"2000",4,"Median",3,"Both sexes",1005,65,1564,"[65+/15-64]",0,"Not applicable",1,"Model-based Estimates",2,"Interpolation",25.582907608212132
84,"Old-age dependency ratio","Old-age dependency ratio","World Population Prospects",2024,"United Nations Population Division",392,"Japan","JP","JPN",52,"2001",4,"Median",3,"Both sexes",1005,65,1564,"[65+/15-64]",0,"Not applicable",1,"Model-based Estimates",2,"Interpolation",26.619694709671915
84,"Old-age dependency ratio","Old-age dependency ratio","World Population Prospects",2024,"United Nations Population Division",392,"Japan","JP","JPN",53,"2002",4,"Median",3,"Both sexes",1005,65,1564,"[65+/15-64]",0,"Not applicable",1,"Model-based Estimates",2,"Interpolation",27.626951433020558
84,"Old-age dependency ratio","Old-age dependency ratio","World Population Prospects",2024,"United Nations Population Division",392,"Japan","JP","JPN",54,"2003",4,"Median",3,"Both sexes",1005,65,1564,"[65+/15-64]",0,"Not applicable",1,"Model-based Estimates",2,"Interpolation",28.517440688976976
84,"Old-age dependency ratio","Old-age dependency ratio","World Population Prospects",2024,"United Nations Population Division",392,"Japan","JP","JPN",55,"2004",4,"Median",3,"Both sexes",1005,65,1564,"[65+/15-64]",0,"Not applicable",1,"Model-based Estimates",2,"Interpolation",29.489907342947504
84,"Old-age dependency ratio","Old-age dependency ratio","World Population Prospects",2024,"United Nations Population Division",392,"Japan","JP","JPN",56,"2005",4,"Median",3,"Both sexes",1005,65,1564,"[65+/15-64]",0,"Not applicable",1,"Model-based Estimates",2,"Interpolation",30.746113406529062
84,"Old-age dependency ratio","Old-age dependency ratio","World Population Prospects",2024,"United Nations Population Division",392,"Japan","JP","JPN",57,"2006",4,"Median",3,"Both sexes",1005,65,1564,"[65+/15-64]",0,"Not applicable",1,"Model-based Estimates",2,"Interpolation",32.10011610176676
84,"Old-age dependency ratio","Old-age dependency ratio","World Population Prospects",2024,"United Nations Population Division",392,"Japan","JP","JPN",58,"2007",4,"Median",3,"Both sexes",1005,65,1564,"[65+/15-64]",0,"Not applicable",1,"Model-based Estimates",2,"Interpolation",33.38518409792367
84,"Old-age dependency ratio","Old-age dependency ratio","World Population Prospects",2024,"United Nations Population Division",392,"Japan","JP","JPN",59,"2008",4,"Median",3,"Both sexes",1005,65,1564,"[65+/15-64]",0,"Not applicable",1,"Model-based Estimates",2,"Interpolation",34.654967912088125
84,"Old-age dependency ratio","Old-age dependency ratio","World Population Prospects",2024,"United Nations Population Division",392,"Japan","JP","JPN",60,"2009",4,"Median",3,"Both sexes",1005,65,1564,"[65+/15-64]",0,"Not applicable",1,"Model-based Estimates",2,"Interpolation",35.68852066585543
84,"Old-age dependency ratio","Old-age dependency ratio","World Population Prospects",2024,"United Nations Population Division",392,"Japan","JP","JPN",61,"2010",4,"Median",3,"Both sexes",1005,65,1564,"[65+/15-64]",0,"Not applicable",1,"Model-based Estimates",2,"Interpolation",36.35706869022555
84,"Old-age dependency ratio","Old-age dependency ratio","World Population Prospects",2024,"United Nations Population Division",392,"Japan","JP","JPN",62,"2011",4,"Median",3,"Both sexes",1005,65,1564,"[65+/15-64]",0,"Not applicable",1,"Model-based Estimates",2,"Interpolation",37.50963884182316
84,"Old-age dependency ratio","Old-age dependency ratio","World Population Prospects",2024,"United Nations Population Division",392,"Japan","JP","JPN",63,"2012",4,"Median",3,"Both sexes",1005,65,1564,"[65+/15-64]",0,"Not applicable",1,"Model-based Estimates",2,"Interpolation",39.351733575328474
84,"Old-age dependency ratio","Old-age dependency ratio","World Population Prospects",2024,"United Nations Population Division",392,"Japan","JP","JPN",64,"2013",4,"Median",3,"Both sexes",1005,65,1564,"[65+/15-64]",0,"Not applicable",1,"Model-based Estimates",2,"Interpolation",41.321871288522146
84,"Old-age dependency ratio","Old-age dependency ratio","World Population Prospects",2024,"United Nations Population Division",392,"Japan","JP","JPN",65,"2014",4,"Median",3,"Both sexes",1005,65,1564,"[65+/15-64]",0,"Not applicable",1,"Model-based Estimates",2,"Interpolation",43.13298933201854
84,"Old-age dependency ratio","Old-age dependency ratio","World Population Prospects",2024,"United Nations Population Division",392,"Japan","JP","JPN",66,"2015",4,"Median",3,"Both sexes",1005,65,1564,"[65+/15-64]",0,"Not applicable",1,"Model-based Estimates",2,"Interpolation",44.69837653908393
84,"Old-age dependency ratio","Old-age dependency ratio","World Population Prospects",2024,"United Nations Population Division",392,"Japan","JP","JPN",67,"2016",4,"Median",3,"Both sexes",1005,65,1564,"[65+/15-64]",0,"Not applicable",1,"Model-based Estimates",2,"Interpolation",46.03389245693423
84,"Old-age dependency ratio","Old-age dependency ratio","World Population Prospects",2024,"United Nations Population Division",392,"Japan","JP","JPN",68,"2017",4,"Median",3,"Both sexes",1005,65,1564,"[65+/15-64]",0,"Not applicable",1,"Model-based Estimates",2,"Interpolation",47.089336636410465
84,"Old-age dependency ratio","Old-age dependency ratio","World Population Prospects",2024,"United Nations Population Division",392,"Japan","JP","JPN",69,"2018",4,"Median",3,"Both sexes",1005,65,1564,"[65+/15-64]",0,"Not applicable",1,"Model-based Estimates",2,"Interpolation",47.909922084935985
84,"Old-age dependency ratio","Old-age dependency ratio","World Population Prospects",2024,"United Nations Population Division",392,"Japan","JP","JPN",70,"2019",4,"Median",3,"Both sexes",1005,65,1564,"[65+/15-64]",0,"Not applicable",1,"Model-based Estimates",2,"Interpolation",48.51949964216146
84,"Old-age dependency ratio","Old-age dependency ratio","World Population Prospects",2024,"United Nations Population Division",392,"Japan","JP","JPN",71,"2020",4,"Median",3,"Both sexes",1005,65,1564,"[65+/15-64]",0,"Not applicable",1,"Model-based Estimates",2,"Interpolation",49.12954013674421
84,"Old-age dependency ratio","Old-age dependency ratio","World Population Prospects",2024,"United Nations Population Division",392,"Japan","JP","JPN",72,"2021",4,"Median",3,"Both sexes",1005,65,1564,"[65+/15-64]",0,"Not applicable",1,"Model-based Estimates",2,"Interpolation",49.74398086099732
84,"Old-age dependency ratio","Old-age dependency ratio","World Population Prospects",2024,"United Nations Population Division",392,"Japan","JP","JPN",73,"2022",4,"Median",3,"Both sexes",1005,65,1564,"[65+/15-64]",0,"Not applicable",1,"Model-based Estimates",2,"Interpolation",50.056928752762914
84,"Old-age dependency ratio","Old-age dependency ratio","World Population Prospects",2024,"United Nations Population Division",392,"Japan","JP","JPN",74,"2023",4,"Median",3,"Both sexes",1005,65,1564,"[65+/15-64]",0,"Not applicable",1,"Model-based Estimates",2,"Interpolation",50.284680324508436
84,"Old-age dependency ratio","Old-age dependency ratio","World Population Prospects",2024,"United Nations Population Division",392,"Japan","JP","JPN",75,"2024",4,"Median",3,"Both sexes",1005,65,1564,"[65+/15-64]",0,"Not applicable",1,"Model-based Estimates",3,"Projection",50.66210562206394
84,"Old-age dependency ratio","Old-age dependency ratio","World Population Prospects",2024,"United Nations Population Division",392,"Japan","JP","JPN",76,"2025",4,"Median",3,"Both sexes",1005,65,1564,"[65+/15-64]",0,"Not applicable",1,"Model-based Estimates",3,"Projection",51.03857402082845
84,"Old-age dependency ratio","Old-age dependency ratio","World Population Prospects",2024,"United Nations Population Division",392,"Japan","JP","JPN",77,"2026",4,"Median",3,"Both sexes",1005,65,1564,"[65+/15-64]",0,"Not applicable",1,"Model-based Estimates",3,"Projection",51.39294984336553
84,"Old-age dependency ratio","Old-age dependency ratio","World Population Prospects",2024,"United Nations Population Division",826,"United Kingdom","GB","GBR",41,"1990",4,"Median",3,"Both sexes",1005,65,1564,"[65+/15-64]",0,"Not applicable",1,"Model-based Estimates",2,"Interpolation",24.426123145846375
84,"Old-age dependency ratio","Old-age dependency ratio","World Population Prospects",2024,"United Nations Population Division",826,"United Kingdom","GB","GBR",42,"1991",4,"Median",3,"Both sexes",1005,65,1564,"[65+/15-64]",0,"Not applicable",1,"Model-based Estimates",2,"Interpolation",24.579148532572873
84,"Old-age dependency ratio","Old-age dependency ratio","World Population Prospects",2024,"United Nations Population Division",826,"United Kingdom","GB","GBR",43,"1992",4,"Median",3,"Both sexes",1005,65,1564,"[65+/15-64]",0,"Not applicable",1,"Model-based Estimates",2,"Interpolation",24.708845861608616
84,"Old-age dependency ratio","Old-age dependency ratio","World Population Prospects",2024,"United Nations Population Division",826,"United Kingdom","GB","GBR",44,"1993",4,"Median",3,"Both sexes",1005,65,1564,"[65+/15-64]",0,"Not applicable",1,"Model-based Estimates",2,"Interpolation",24.77155578870286
84,"Old-age dependency ratio","Old-age dependency ratio","World Population Prospects",2024,"United Nations Population Division",826,"United Kingdom","GB","GBR",45,"1994",4,"Median",3,"Both sexes",1005,65,1564,"[65+/15-64]",0,"Not applicable",1,"Model-based Estimates",2,"Interpolation",24.79159957336281
84,"Old-age dependency ratio","Old-age dependency ratio","World Population Prospects",2024,"United Nations Population Division",826,"United Kingdom","GB","GBR",46,"1995",4,"Median",3,"Both sexes",1005,65,1564,"[65+/15-64]",0,"Not applicable",1,"Model-based Estimates",2,"Interpolation",24.791965974367603
84,"Old-age dependency ratio","Old-age dependency ratio","World Population Prospects",2024,"United Nations Population Division",826,"United Kingdom","GB","GBR",47,"1996",4,"Median",3,"Both sexes",1005,65,1564,"[65+/15-64]",0,"Not applicable",1,"Model-based Estimates",2,"Interpolation",24.761330904774102
84,"Old-age dependency ratio","Old-age dependency ratio","World Population Prospects",2024,"United Nations Population Division",826,"United Kingdom","GB","GBR",48,"1997",4,"Median",3,"Both sexes",1005,65,1564,"[65+/15-64]",0,"Not applicable",1,"Model-based Estimates",2,"Interpolation",24.70425996177702
84,"Old-age dependency ratio","Old-age dependency ratio","World Population Prospects",2024,"United Nations Population Division",826,"United Kingdom","GB","GBR",49,"1998",4,"Median",3,"Both sexes",1005,65,1564,"[65+/15-64]",0,"Not applicable",1,"Model-based Estimates",2,"Interpolation",24.611989410647034
84,"Old-age dependency ratio","Old-age dependency ratio","World Population Prospects",2024,"United Nations Population Division",826,"United Kingdom","GB","GBR",50,"1999",4,"Median",3,"Both sexes",1005,65,1564,"[65+/15-64]",0,"Not applicable",1,"Model-based Estimates",2,"Interpolation",24.489446210909342
84,"Old-age dependency ratio","Old-age dependency ratio","World Population Prospects",2024,"United Nations Population Division",826,"United Kingdom","GB","GBR",51,"2000",4,"Median",3,"Both sexes",1005,65,1564,"[65+/15-64]",0,"Not applicable",1,"Model-based Estimates",2,"Interpolation",24.379891660952776
84,"Old-age dependency ratio","Old-age dependency ratio","World Population Prospects",2024,"United Nations Population Division",826,"United Kingdom","GB","GBR",52,"2001",4,"Median",3,"Both sexes",1005,65,1564,"[65+/15-64]",0,"Not applicable",1,"Model-based Estimates",2,"Interpolation",24.32225967417067
84,"Old-age dependency ratio","Old-age dependency ratio","World Population Prospects",2024,"United Nations Population Division",826,"United Kingdom","GB","GBR",53,"2002",4,"Median",3,"Both sexes",1005,65,1564,"[65+/15-64]",0,"Not applicable",1,"Model-based Estimates",2,"Interpolation",24.29490193342456
84,"Old-age dependency ratio","Old-age dependency ratio","World Population Prospects",2024,"United Nations Population Division",826,"United Kingdom","GB","GBR",54,"2003",4,"Median",3,"Both sexes",1005,65,1564,"[65+/15-64]",0,"Not applicable",1,"Model-based Estimates",2,"Interpolation",24.29192136641657
84,"Old-age dependency ratio","Old-age dependency ratio","World Population Prospects",2024,"United Nations Population Division",826,"United Kingdom","GB","GBR",55,"2004",4,"Median",3,"Both sexes",1005,65,1564,"[65+/15-64]",0,"Not applicable",1,"Model-based Estimates",2,"Interpolation",24.294784788845824
84,"Old-age dependency ratio","Old-age dependency ratio","World Population Prospects",2024,"United Nations Population Division",826,"United Kingdom","GB","GBR",56,"2005",4,"Median",3,"Both sexes",1005,65,1564,"[65+/15-64]",0,"Not applicable",1,"Model-based Estimates",2,"Interpolation",24.2283961076477
84,"Old-age dependency ratio","Old-age dependency ratio","World Population Prospects",2024,"United Nations Population Division",826,"United Kingdom","GB","GBR",57,"2006",4,"Median",3,"Both sexes",1005,65,1564,"[65+/15-64]",0,"Not applicable",1,"Model-based Estimates",2,"Interpolation",24.119953697713473
84,"Old-age dependency ratio","Old-age dependency ratio","World Population Prospects",2024,"United Nations Population Division",826,"United Kingdom","GB","GBR",58,"2007",4,"Median",3,"Both sexes",1005,65,1564,"[65+/15-64]",0,"Not applicable",1,"Model-based Estimates",2,"Interpolation",24.107244260078026
84,"Old-age dependency ratio","Old-age dependency ratio","World Population Prospects",2024,"United Nations Population Division",826,"United Kingdom","GB","GBR",59,"2008",4,"Median",3,"Both sexes",1005,65,1564,"[65+/15-64]",0,"Not applicable",1,"Model-based Estimates",2,"Interpolation",24.246652617841423
84,"Old-age dependency ratio","Old-age dependency ratio","World Population Prospects",2024,"United Nations Population Division",826,"United Kingdom","GB","GBR",60,"2009",4,"Median",3,"Both sexes",1005,65,1564,"[65+/15-64]",0,"Not applicable",1,"Model-based Estimates",2,"Interpolation",24.503400043821355
84,"Old-age dependency ratio","Old-age dependency ratio","World Population Prospects",2024,"United Nations Population Division",826,"United Kingdom","GB","GBR",61,"2010",4,"Median",3,"Both sexes",1005,65,1564,"[65+/15-64]",0,"Not applicable",1,"Model-based Estimates",2,"Interpolation",24.79154274247237
84,"Old-age dependency ratio","Old-age dependency ratio","World Population Prospects",2024,"United Nations Population Division",826,"United Kingdom","GB","GBR",62,"2011",4,"Median",3,"Both sexes",1005,65,1564,"[65+/15-64]",0,"Not applicable",1,"Model-based Estimates",2,"Interpolation",25.259631274304073
84,"Old-age dependency ratio","Old-age dependency ratio","World Population Prospects",2024,"United Nations Population Division",826,"United Kingdom","GB","GBR",63,"2012",4,"Median",3,"Both sexes",1005,65,1564,"[65+/15-64]",0,"Not applicable",1,"Model-based Estimates",2,"Interpolation",26.00821972430058
84,"Old-age dependency ratio","Old-age dependency ratio","World Population Prospects",2024,"United Nations Population Division",826,"United Kingdom","GB","GBR",64,"2013",4,"Median",3,"Both sexes",1005,65,1564,"[65+/15-64]",0,"Not applicable",1,"Model-based Estimates",2,"Interpolation",26.711802048111842
84,"Old-age dependency ratio","Old-age dependency ratio","World Population Prospects",2024,"United Nations Population Division",826,"United Kingdom","GB","GBR",65,"2014",4,"Median",3,"Both sexes",1005,65,1564,"[65+/15-64]",0,"Not applicable",1,"Model-based Estimates",2,"Interpolation",27.227875129554427
84,"Old-age dependency ratio","Old-age dependency ratio","World Population Prospects",2024,"United Nations Population Division",826,"United Kingdom","GB","GBR",66,"2015",4,"Median",3,"Both sexes",1005,65,1564,"[65+/15-64]",0,"Not applicable",1,"Model-based Estimates",2,"Interpolation",27.6148267700476
84,"Old-age dependency ratio","Old-age dependency ratio","World Population Prospects",2024,"United Nations Population Division",826,"United Kingdom","GB","GBR",67,"2016",4,"Median",3,"Both sexes",1005,65,1564,"[65+/15-64]",0,"Not applicable",1,"Model-based Estimates",2,"Interpolation",27.93576593827989
84,"Old-age dependency ratio","Old-age dependency ratio","World Population Prospects",2024,"United Nations Population Division",826,"United Kingdom","GB","GBR",68,"2017",4,"Median",3,"Both sexes",1005,65,1564,"[65+/15-64]",0,"Not applicable",1,"Model-based Estimates",2,"Interpolation",28.28127036563825
84,"Old-age dependency ratio","Old-age dependency ratio","World Population Prospects",2024,"United Nations Population Division",826,"United Kingdom","GB","GBR",69,"2018",4,"Median",3,"Both sexes",1005,65,1564,"[65+/15-64]",0,"Not applicable",1,"Model-based Estimates",2,"Interpolation",28.66233925928072
84,"Old-age dependency ratio","Old-age dependency ratio","World Population Prospects",2024,"United Nations Population Division",826,"United Kingdom","GB","GBR",70,"2019",4,"Median",3,"Both sexes",1005,65,1564,"[65+/15-64]",0,"Not applicable",1,"Model-based Estimates",2,"Interpolation",29.058552115287593
84,"Old-age dependency ratio","Old-age dependency ratio","World Population Prospects",2024,"United Nations Population Division",826,"United Kingdom","GB","GBR",71,"2020",4,"Median",3,"Both sexes",1005,65,1564,"[65+/15-64]",0,"Not applicable",1,"Model-based Estimates",2,"Interpolation",29.333781477779755
84,"Old-age dependency ratio","Old-age dependency ratio","World Population Prospects",2024,"United Nations Population Division",826,"United Kingdom","GB","GBR",72,"2021",4,"Median",3,"Both sexes",1005,65,1564,"[65+/15-64]",0,"Not applicable",1,"Model-based Estimates",2,"Interpolation",29.503016524151757
84,"Old-age dependency ratio","Old-age dependency ratio","World Population Prospects",2024,"United Nations Population Division",826,"United Kingdom","GB","GBR",73,"2022",4,"Median",3,"Both sexes",1005,65,1564,"[65+/15-64]",0,"Not applicable",1,"Model-based Estimates",2,"Interpolation",29.83951298271821
84,"Old-age dependency ratio","Old-age dependency ratio","World Population Prospects",2024,"United Nations Population Division",826,"United Kingdom","GB","GBR",74,"2023",4,"Median",3,"Both sexes",1005,65,1564,"[65+/15-64]",0,"Not applicable",1,"Model-based Estimates",2,"Interpolation",30.36669367727655
84,"Old-age dependency ratio","Old-age dependency ratio","World Population Prospects",2024,"United Nations Population Division",826,"United Kingdom","GB","GBR",75,"2024",4,"Median",3,"Both sexes",1005,65,1564,"[65+/15-64]",0,"Not applicable",1,"Model-based Estimates",3,"Projection",30.797931133003857
84,"Old-age dependency ratio","Old-age dependency ratio","World Population Prospects",2024,"United Nations Population Division",826,"United Kingdom","GB","GBR",76,"2025",4,"Median",3,"Both sexes",1005,65,1564,"[65+/15-64]",0,"Not applicable",1,"Model-based Estimates",3,"Projection",31.109908424941484
84,"Old-age dependency ratio","Old-age dependency ratio","World Population Prospects",2024,"United Nations Population Division",826,"United Kingdom","GB","GBR",77,"2026",4,"Median",3,"Both sexes",1005,65,1564,"[65+/15-64]",0,"Not applicable",1,"Model-based Estimates",3,"Projection",31.476823407011718
84,"Old-age dependency ratio","Old-age dependency ratio","World Population Prospects",2024,"United Nations Population Division",840,"United States of America","US","USA",41,"1990",4,"Median",3,"Both sexes",1005,65,1564,"[65+/15-64]",0,"Not applicable",1,"Model-based Estimates",2,"Interpolation",18.61001593707102
84,"Old-age dependency ratio","Old-age dependency ratio","World Population Prospects",2024,"United Nations Population Division",840,"United States of America","US","USA",42,"1991",4,"Median",3,"Both sexes",1005,65,1564,"[65+/15-64]",0,"Not applicable",1,"Model-based Estimates",2,"Interpolation",18.732217883041024
84,"Old-age dependency ratio","Old-age dependency ratio","World Population Prospects",2024,"United Nations Population Division",840,"United States of America","US","USA",43,"1992",4,"Median",3,"Both sexes",1005,65,1564,"[65+/15-64]",0,"Not applicable",1,"Model-based Estimates",2,"Interpolation",18.82756349882049
84,"Old-age dependency ratio","Old-age dependency ratio","World Population Prospects",2024,"United Nations Population Division",840,"United States of America","US","USA",44,"1993",4,"Median",3,"Both sexes",1005,65,1564,"[65+/15-64]",0,"Not applicable",1,"Model-based Estimates",2,"Interpolation",18.87767234545536
84,"Old-age dependency ratio","Old-age dependency ratio","World Population Prospects",2024,"United Nations Population Division",840,"United States of America","US","USA",45,"1994",4,"Median",3,"Both sexes",1005,65,1564,"[65+/15-64]",0,"Not applicable",1,"Model-based Estimates",2,"Interpolation",18.87724539247386
84,"Old-age dependency ratio","Old-age dependency ratio","World Population Prospects",2024,"United Nations Population Division",840,"United States of America","US","USA",46,"1995",4,"Median",3,"Both sexes",1005,65,1564,"[65+/15-64]",0,"Not applicable",1,"Model-based Estimates",2,"Interpolation",18.852314697066692
84,"Old-age dependency ratio","Old-age dependency ratio","World Population Prospects",2024,"United Nations Population Division",840,"United States of America","US","USA",47,"1996",4,"Median",3,"Both sexes",1005,65,1564,"[65+/15-64]",0,"Not applicable",1,"Model-based Estimates",2,"Interpolation",18.789952252245836
84,"Old-age dependency ratio","Old-age dependency ratio","World Population Prospects",2024,"United Nations Population Division",840,"United States of America","US","USA",48,"1997",4,"Median",3,"Both sexes",1005,65,1564,"[65+/15-64]",0,"Not applicable",1,"Model-based Estimates",2,"Interpolation",18.691144748500307
84,"Old-age dependency ratio","Old-age dependency ratio","World Population Prospects",2024,"United Nations Population Division",840,"United States of America","US","USA",49,"1998",4,"Median",3,"Both sexes",1005,65,1564,"[65+/15-64]",0,"Not applicable",1,"Model-based Estimates",2,"Interpolation",18.55868201768405
84,"Old-age dependency ratio","Old-age dependency ratio","World Population Prospects",2024,"United Nations Population Division",840,"United States of America","US","USA",50,"1999",4,"Median",3,"Both sexes",1005,65,1564,"[65+/15-64]",0,"Not applicable",1,"Model-based Estimates",2,"Interpolation",18.41579168411192
84,"Old-age dependency ratio","Old-age dependency ratio","World Population Prospects",2024,"United Nations Population Division",840,"United States of America","US","USA",51,"2000",4,"Median",3,"Both sexes",1005,65,1564,"[65+/15-64]",0,"Not applicable",1,"Model-based Estimates",2,"Interpolation",18.283092046032696
84,"Old-age dependency ratio","Old-age dependency ratio","World Population Prospects",2024,"United Nations Population Division",840,"United States of America","US","USA",52,"2001",4,"Median",3,"Both sexes",1005,65,1564,"[65+/15-64]",0,"Not applicable",1,"Model-based Estimates",2,"Interpolation",18.167641199533726
84,"Old-age dependency ratio","Old-age dependency ratio","World Population Prospects",2024,"United Nations Population Division",840,"United States of America","US","USA",53,"2002",4,"Median",3,"Both sexes",1005,65,1564,"[65+/15-64]",0,"Not applicable",1,"Model-based Estimates",2,"Interpolation",18.079339364145913
84,"Old-age dependency ratio","Old-age dependency ratio","World Population Prospects",2024,"United Nations Population Division",840,"United States of America","US","USA",54,"2003",4,"Median",3,"Both sexes",1005,65,1564,"[65+/15-64]",0,"Not applicable",1,"Model-based Estimates",2,"Interpolation",18.018491889996625
84,"Old-age dependency ratio","Old-age dependency ratio","World Population Prospects",2024,"United Nations Population Division",840,"United States of America","US","USA",55,"2004",4,"Median",3,"Both sexes",1005,65,1564,"[65+/15-64]",0,"Not applicable",1,"Model-based Estimates",2,"Interpolation",17.984581525195605
84,"Old-age dependency ratio","Old-age dependency ratio","World Population Prospects",2024,"United Nations Population Division",840,"United States of America","US","USA",56,"2005",4,"Median",3,"Both sexes",1005,65,1564,"[65+/15-64]",0,"Not applicable",1,"Model-based Estimates",2,"Interpolation",17.96508471161646
84,"Old-age dependency ratio","Old-age dependency ratio","World Population Prospects",2024,"United Nations Population Division",840,"United States of America","US","USA",57,"2006",4,"Median",3,"Both sexes",1005,65,1564,"[65+/15-64]",0,"Not applicable",1,"Model-based Estimates",2,"Interpolation",18.00835186657754
84,"Old-age dependency ratio","Old-age dependency ratio","World Population Prospects",2024,"United Nations Population Division",840,"United States of America","US","USA",58,"2007",4,"Median",3,"Both sexes",1005,65,1564,"[65+/15-64]",0,"Not applicable",1,"Model-based Estimates",2,"Interpolation",18.191087459128727
84,"Old-age dependency ratio","Old-age dependency ratio","World Population Prospects",2024,"United Nations Population Division",840,"United States of America","US","USA",59,"2008",4,"Median",3,"Both sexes",1005,65,1564,"[65+/15-64]",0,"Not applicable",1,"Model-based Estimates",2,"Interpolation",18.47011168090561
84,"Old-age dependency ratio","Old-age dependency ratio","World Population Prospects",2024,"United Nations Population Division",840,"United States of America","US","USA",60,"2009",4,"Median",3,"Both sexes",1005,65,1564,"[65+/15-64]",0,"Not applicable",1,"Model-based Estimates",2,"Interpolation",18.76563172554143
84,"Old-age dependency ratio","Old-age dependency ratio","World Population Prospects",2024,"United Nations Population Division",840,"United States of America","US","USA",61,"2010",4,"Median",3,"Both sexes",1005,65,1564,"[65+/15-64]",0,"Not applicable",1,"Model-based Estimates",2,"Interpolation",19.041860425283108
84,"Old-age dependency ratio","Old-age dependency ratio","World Population Prospects",2024,"United Nations Population Division",840,"United States of America","US","USA",62,"2011",4,"Median",3,"Both sexes",1005,65,1564,"[65+/15-64]",0,"Not applicable",1,"Model-based Estimates",2,"Interpolation",19.40497053108816
84,"Old-age dependency ratio","Old-age dependency ratio","World Population Prospects",2024,"United Nations Population Division",840,"United States of America","US","USA",63,"2012",4,"Median",3,"Both sexes",1005,65,1564,"[65+/15-64]",0,"Not applicable",1,"Model-based Estimates",2,"Interpolation",19.93028116758592
84,"Old-age dependency ratio","Old-age dependency ratio","World Population Prospects",2024,"United Nations Population Division",840,"United States of America","US","USA",64,"2013",4,"Median",3,"Both sexes",1005,65,1564,"[65+/15-64]",0,"Not applicable",1,"Model-based Estimates",2,"Interpolation",20.483295647281835
84,"Old-age dependency ratio","Old-age dependency ratio","World Population Prospects",2024,"United Nations Population Division",840,"United States of America","US","USA",65,"2014",4,"Median",3,"Both sexes",1005,65,1564,"[65+/15-64]",0,"Not applicable",1,"Model-based Estimates",2,"Interpolation",21.00769852276858
84,"Old-age dependency ratio","Old-age dependency ratio","World Population Prospects",2024,"United Nations Population Division",840,"United States of America","US","USA",66,"2015",4,"Median",3,"Both sexes",1005,65,1564,"[65+/15-64]",0,"Not applicable",1,"Model-based Estimates",2,"Interpolation",21.5197559367274
84,"Old-age dependency ratio","Old-age dependency ratio","World Population Prospects",2024,"United Nations Population Division",840,"United States of America","US","USA",67,"2016",4,"Median",3,"Both sexes",1005,65,1564,"[65+/15-64]",0,"Not applicable",1,"Model-based Estimates",2,"Interpolation",22.037334679093636
84,"Old-age dependency ratio","Old-age dependency ratio","World Population Prospects",2024,"United Nations Population Division",840,"United States of America","US","USA",68,"2017",4,"Median",3,"Both sexes",1005,65,1564,"[65+/15-64]",0,"Not applicable",1,"Model-based Estimates",2,"Interpolation",22.593296340563253
84,"Old-age dependency ratio","Old-age dependency ratio","World Population Prospects",2024,"United Nations Population Division",840,"United States of America","US","USA",69,"2018",4,"Median",3,"Both sexes",1005,65,1564,"[65+/15-64]",0,"Not applicable",1,"Model-based Estimates",2,"Interpolation",23.1963176204443
84,"Old-age dependency ratio","Old-age dependency ratio","World Population Prospects",2024,"United Nations Population Division",840,"United States of America","US","USA",70,"2019",4,"Median",3,"Both sexes",1005,65,1564,"[65+/15-64]",0,"Not applicable",1,"Model-based Estimates",2,"Interpolation",23.848450114026733
84,"Old-age dependency ratio","Old-age dependency ratio","World Population Prospects",2024,"United Nations Population Division",840,"United States of America","US","USA",71,"2020",4,"Median",3,"Both sexes",1005,65,1564,"[65+/15-64]",0,"Not applicable",1,"Model-based Estimates",2,"Interpolation",24.524079247015525
84,"Old-age dependency ratio","Old-age dependency ratio","World Population Prospects",2024,"United Nations Population Division",840,"United States of America","US","USA",72,"2021",4,"Median",3,"Both sexes",1005,65,1564,"[65+/15-64]",0,"Not applicable",1,"Model-based Estimates",2,"Interpolation",25.19691280045794
84,"Old-age dependency ratio","Old-age dependency ratio","World Population Prospects",2024,"United Nations Population Division",840,"United States of America","US","USA",73,"2022",4,"Median",3,"Both sexes",1005,65,1564,"[65+/15-64]",0,"Not applicable",1,"Model-based Estimates",2,"Interpolation",25.950913393003532
84,"Old-age dependency ratio","Old-age dependency ratio","World Population Prospects",2024,"United Nations Population Division",840,"United States of America","US","USA",74,"2023",4,"Median",3,"Both sexes",1005,65,1564,"[65+/15-64]",0,"Not applicable",1,"Model-based Estimates",2,"Interpolation",26.829104144157654
84,"Old-age dependency ratio","Old-age dependency ratio","World Population Prospects",2024,"United Nations Population Division",840,"United States of America","US","USA",75,"2024",4,"Median",3,"Both sexes",1005,65,1564,"[65+/15-64]",0,"Not applicable",1,"Model-based Estimates",3,"Projection",27.690572938981116
84,"Old-age dependency ratio","Old-age dependency ratio","World Population Prospects",2024,"United Nations Population Division",840,"United States of America","US","USA",76,"2025",4,"Median",3,"Both sexes",1005,65,1564,"[65+/15-64]",0,"Not applicable",1,"Model-based Estimates",3,"Projection",28.501256688578746
84,"Old-age dependency ratio","Old-age dependency ratio","World Population Prospects",2024,"United Nations Population Division",840,"United States of America","US","USA",77,"2026",4,"Median",3,"Both sexes",1005,65,1564,"[65+/15-64]",0,"Not applicable",1,"Model-based Estimates",3,"Projection",29.319809414505748
