"Nomenclature","ReporterCode","ReporterISO3","ReporterName","ProductCode","PartnerCode","PartnerISO3","PartnerName","Year","TradeFlowName","TradeValue in 1000 USD"
"H6","008","ALB","Albania","070993","000","WLD","World",2022,"Gross Exports",503.668403
"H6","031","AZE","Azerbaijan","070993","000","WLD","World",2022,"Gross Exports",0.01702
"H6","036","AUS","Australia","070993","000","WLD","World",2022,"Gross Exports",2574.628911
"H6","040","AUT","Austria","070993","000","WLD","World",2022,"Gross Exports",9725.725476
"H6","048","BHR","Bahrain","070993","000","WLD","World",2022,"Gross Exports",74.392526
"H6","051","ARM","Armenia","070993","000","WLD","World",2022,"Gross Exports",38.02762
"H6","056","BEL","Belgium","070993","000","WLD","World",2022,"Gross Exports",10530.522399
"H6","068","BOL","Bolivia","070993","000","WLD","World",2022,"Gross Exports",11.8465
"H6","070","BIH","Bosnia Herzg","070993","000","WLD","World",2022,"Gross Exports",34.29626
"H6","072","BWA","Botswana","070993","000","WLD","World",2022,"Gross Exports",0.942315
"H6","076","BRA","Brazil","070993","000","WLD","World",2022,"Gross Exports",2765.34
"H6","097","EUN","European Union","070993","000","WLD","World",2022,"Gross Exports",123741.437282
"H6","100","BGR","Bulgaria","070993","000","WLD","World",2022,"Gross Exports",1487.588841
"H6","104","MMR","Myanmar","070993","000","WLD","World",2022,"Gross Exports",1516.8102
"H6","124","CAN","Canada","070993","000","WLD","World",2022,"Gross Exports",26341.96695
"H6","152","CHL","Chile","070993","000","WLD","World",2022,"Gross Exports",162.95506
"H6","156","CHN","China","070993","000","WLD","World",2022,"Gross Exports",9961.441
"H6","170","COL","Colombia","070993","000","WLD","World",2022,"Gross Exports",220.18636
"H6","188","CRI","Costa Rica","070993","000","WLD","World",2022,"Gross Exports",7963.97724
"H6","191","HRV","Croatia","070993","000","WLD","World",2022,"Gross Exports",658.86
"H6","196","CYP","Cyprus","070993","000","WLD","World",2022,"Gross Exports",1.529027
"H6","203","CZE","Czech Rep","070993","000","WLD","World",2022,"Gross Exports",2349.96
"H6","208","DNK","Denmark","070993","000","WLD","World",2022,"Gross Exports",448.972809
"H6","222","SLV","El Salvador","070993","000","WLD","World",2022,"Gross Exports",59.645
"H6","231","ETH","Ethiopia","070993","000","WLD","World",2022,"Gross Exports",493.172885
"H6","233","EST","Estonia","070993","000","WLD","World",2022,"Gross Exports",110.3946
"H6","242","FJI","Fiji","070993","000","WLD","World",2022,"Gross Exports",7.864516
"H6","246","FIN","Finland","070993","000","WLD","World",2022,"Gross Exports",44.041653
"H6","251","FRA","France+Monac","070993","000","WLD","World",2022,"Gross Exports",40635.814525
"H6","276","DEU","Germany","070993","000","WLD","World",2022,"Gross Exports",9952.729063
"H6","300","GRC","Greece","070993","000","WLD","World",2022,"Gross Exports",1571.221216
"H6","320","GTM","Guatemala","070993","000","WLD","World",2022,"Gross Exports",1527.537
"H6","344","HKG","Hong Kong","070993","000","WLD","World",2022,"Gross Exports",91.264197
"H6","348","HUN","Hungary","070993","000","WLD","World",2022,"Gross Exports",1249.65
"H6","352","ISL","Iceland","070993","000","WLD","World",2022,"Gross Exports",0.285844
"H6","360","IDN","Indonesia","070993","000","WLD","World",2022,"Gross Exports",215.773
"H6","372","IRL","Ireland","070993","000","WLD","World",2022,"Gross Exports",238.612395
"H6","376","ISR","Israel","070993","000","WLD","World",2022,"Gross Exports",355
"H6","380","ITA","Italy","070993","000","WLD","World",2022,"Gross Exports",54594.059413
"H6","388","JAM","Jamaica","070993","000","WLD","World",2022,"Gross Exports",388.56778
"H6","392","JPN","Japan","070993","000","WLD","World",2022,"Gross Exports",1232.336773
"H6","398","KAZ","Kazakhstan","070993","000","WLD","World",2022,"Gross Exports",90.67041
"H6","400","JOR","Jordan","070993","000","WLD","World",2022,"Gross Exports",24.425
"H6","404","KEN","Kenya","070993","000","WLD","World",2022,"Gross Exports",103.059263
"H6","410","KOR","Korea Rep.","070993","000","WLD","World",2022,"Gross Exports",1330.359
"H6","417","KGZ","Kyrgyzstan","070993","000","WLD","World",2022,"Gross Exports",421.472
"H6","428","LVA","Latvia","070993","000","WLD","World",2022,"Gross Exports",1076.72011
"H6","440","LTU","Lithuania","070993","000","WLD","World",2022,"Gross Exports",293.079
"H6","442","LUX","Luxemberg","070993","000","WLD","World",2022,"Gross Exports",1020.402501
"H6","450","MDG","Madagascar","070993","000","WLD","World",2022,"Gross Exports",61.038699
"H6","458","MYS","Malaysia","070993","000","WLD","World",2022,"Gross Exports",4257.239631
"H6","480","MUS","Mauritius","070993","000","WLD","World",2022,"Gross Exports",22.462708
"H6","484","MEX","Mexico","070993","000","WLD","World",2022,"Gross Exports",475627.237
"H6","499","MNT","Montenegro","070993","000","WLD","World",2022,"Gross Exports",0.041644
"H6","504","MAR","Morocco","070993","000","WLD","World",2022,"Gross Exports",46400.433407
"H6","516","NAM","Namibia","070993","000","WLD","World",2022,"Gross Exports",778.975069
"H6","524","NPL","Nepal","070993","000","WLD","World",2022,"Gross Exports",0.398514
"H6","528","NLD","Netherlands","070993","000","WLD","World",2022,"Gross Exports",68539.027463
"H6","554","NZL","New Zealand","070993","000","WLD","World",2022,"Gross Exports",33924.814019
"H6","558","NIC","Nicaragua","070993","000","WLD","World",2022,"Gross Exports",267.642
"H6","586","PAK","Pakistan","070993","000","WLD","World",2022,"Gross Exports",754.587606
"H6","591","PAN","Panama","070993","000","WLD","World",2022,"Gross Exports",2788.16
"H6","604","PER","Peru","070993","000","WLD","World",2022,"Gross Exports",2075.129175
"H6","616","POL","Poland","070993","000","WLD","World",2022,"Gross Exports",4122.145
"H6","620","PRT","Portugal","070993","000","WLD","World",2022,"Gross Exports",28090.150131
"H6","642","ROM","Romania","070993","000","WLD","World",2022,"Gross Exports",518.25704
"H6","686","SEN","Senegal","070993","000","WLD","World",2022,"Gross Exports",208.145644
"H6","688","SER","Yugoslavia","070993","000","WLD","World",2022,"Gross Exports",125.929
"H6","699","IND","India","070993","000","WLD","World",2022,"Gross Exports",10085.632639
"H6","702","SGP","Singapore","070993","000","WLD","World",2022,"Gross Exports",554.889748
"H6","703","SVK","Slovakia","070993","000","WLD","World",2022,"Gross Exports",167.151462
"H6","705","SVN","Slovenia","070993","000","WLD","World",2022,"Gross Exports",613.016578
"H6","710","ZAF","South Africa","070993","000","WLD","World",2022,"Gross Exports",14834.16764
"H6","724","ESP","Spain","070993","000","WLD","World",2022,"Gross Exports",535874.362155
"H6","752","SWE","Sweden","070993","000","WLD","World",2022,"Gross Exports",46.271343
"H6","757","CHE","Switz.Liecht","070993","000","WLD","World",2022,"Gross Exports",16.7466
"H6","764","THA","Thailand","070993","000","WLD","World",2022,"Gross Exports",350.183186
"H6","784","ARE","Untd Arab Em","070993","000","WLD","World",2022,"Gross Exports",7467.481118
"H6","792","TUR","Turkey","070993","000","WLD","World",2022,"Gross Exports",72988.854
"H6","807","MKD","TFYR Macedna","070993","000","WLD","World",2022,"Gross Exports",124.21973
"H6","818","EGY","Egypt","070993","000","WLD","World",2022,"Gross Exports",1534.223724
"H6","826","GBR","Untd.Kingdom","070993","000","WLD","World",2022,"Gross Exports",1527.594447
"H6","834","TZA","Tanzania","070993","000","WLD","World",2022,"Gross Exports",640.65325
"H6","842","USA","USA,PR,USVI","070993","000","WLD","World",2022,"Gross Exports",60634.566
"H6","858","URY","Uruguay","070993","000","WLD","World",2022,"Gross Exports",204.765
"H6","894","ZMB","Zambia","070993","000","WLD","World",2022,"Gross Exports",0.005915
