,Date,Value,Measure
0,1990-01-07,0.06750000000000012,Spread
1,1990-01-14,0.12999999999999937,Spread
2,1990-01-21,0.08250000000000002,Spread
3,1990-01-28,0.1480000000000004,Spread
4,1990-02-04,0.166,Spread
5,1990-02-11,0.11800000000000033,Spread
6,1990-02-18,0.08999999999999986,Spread
7,1990-02-25,0.10249999999999959,Spread
8,1990-03-04,0.06999999999999992,Spread
9,1990-03-11,0.018000000000000328,Spread
10,1990-03-18,-0.051999999999999956,Spread
11,1990-03-25,-0.10999999999999979,Spread
12,1990-04-01,-0.04800000000000004,Spread
13,1990-04-08,0.026000000000001224,Spread
14,1990-04-15,0.06250000000000044,Spread
15,1990-04-22,0.07999999999999971,Spread
16,1990-04-29,0.07400000000000055,Spread
17,1990-05-06,0.07599999999999944,Spread
18,1990-05-13,0.1280000000000001,Spread
19,1990-05-20,0.11999999999999993,Spread
20,1990-05-27,0.1260000000000005,Spread
21,1990-06-03,0.12249999999999961,Spread
22,1990-06-10,0.1260000000000005,Spread
23,1990-06-17,0.12800000000000084,Spread
24,1990-06-24,0.10999999999999979,Spread
25,1990-07-01,0.15600000000000022,Spread
26,1990-07-08,0.1924999999999999,Spread
27,1990-07-15,0.22799999999999976,Spread
28,1990-07-22,0.3499999999999993,Spread
29,1990-07-29,0.41600000000000004,Spread
30,1990-08-05,0.48999999999999966,Spread
31,1990-08-12,0.74,Spread
32,1990-08-19,0.7100000000000003,Spread
33,1990-08-26,0.6900000000000002,Spread
34,1990-09-02,0.7219999999999995,Spread
35,1990-09-09,0.7950000000000004,Spread
36,1990-09-16,0.782,Spread
37,1990-09-23,0.8400000000000005,Spread
38,1990-09-30,0.8339999999999996,Spread
39,1990-10-07,0.8020000000000003,Spread
40,1990-10-14,0.9049999999999998,Spread
41,1990-10-21,0.8320000000000001,Spread
42,1990-10-28,0.8120000000000005,Spread
43,1990-11-04,0.89,Spread
44,1990-11-11,0.8859999999999999,Spread
45,1990-11-18,0.7599999999999998,Spread
46,1990-11-25,0.7224999999999997,Spread
47,1990-12-02,0.742,Spread
48,1990-12-09,0.7099999999999997,Spread
49,1990-12-16,0.6880000000000006,Spread
50,1990-12-23,0.764,Spread
51,1990-12-30,0.8700000000000001,Spread
52,1991-01-06,0.8799999999999997,Spread
53,1991-01-13,1.0340000000000003,Spread
54,1991-01-20,0.9780000000000003,Spread
55,1991-01-27,0.9550000000000001,Spread
56,1991-02-03,0.982,Spread
57,1991-02-10,1.0139999999999998,Spread
58,1991-02-17,0.998,Spread
59,1991-02-24,0.9524999999999997,Spread
60,1991-03-03,0.952,Spread
61,1991-03-10,0.9739999999999999,Spread
62,1991-03-17,1.0419999999999998,Spread
63,1991-03-24,1.0240000000000002,Spread
64,1991-03-31,1.0000000000000007,Spread
65,1991-04-07,1.062,Spread
66,1991-04-14,1.0959999999999999,Spread
67,1991-04-21,1.0499999999999996,Spread
68,1991-04-28,1.1140000000000003,Spread
69,1991-05-05,1.2099999999999997,Spread
70,1991-05-12,1.2199999999999998,Spread
71,1991-05-19,1.2600000000000002,Spread
72,1991-05-26,1.3039999999999998,Spread
73,1991-06-02,1.4175000000000002,Spread
74,1991-06-09,1.3479999999999999,Spread
75,1991-06-16,1.2779999999999994,Spread
76,1991-06-23,1.3580000000000003,Spread
77,1991-06-30,1.328,Spread
78,1991-07-07,1.2874999999999999,Spread
79,1991-07-14,1.3679999999999999,Spread
80,1991-07-21,1.38,Spread
81,1991-07-28,1.3559999999999997,Spread
82,1991-08-04,1.3739999999999999,Spread
83,1991-08-11,1.4179999999999997,Spread
84,1991-08-18,1.476,Spread
85,1991-08-25,1.538,Spread
86,1991-09-01,1.476,Spread
87,1991-09-08,1.5,Spread
88,1991-09-15,1.496,Spread
89,1991-09-22,1.4280000000000004,Spread
90,1991-09-29,1.454,Spread
91,1991-10-06,1.4779999999999995,Spread
92,1991-10-13,1.554,Spread
93,1991-10-20,1.6,Spread
94,1991-10-27,1.6860000000000004,Spread
95,1991-11-03,1.77,Spread
96,1991-11-10,1.8399999999999999,Spread
97,1991-11-17,1.755,Spread
98,1991-11-24,1.8700000000000003,Spread
99,1991-12-01,1.9775,Spread
100,1991-12-08,1.998,Spread
101,1991-12-15,2.1420000000000003,Spread
102,1991-12-22,2.124,Spread
103,1991-12-29,2.0250000000000004,Spread
104,1992-01-05,1.9900000000000002,Spread
105,1992-01-12,2.056,Spread
106,1992-01-19,2.026,Spread
107,1992-01-26,2.125,Spread
108,1992-02-02,2.118,Spread
109,1992-02-09,2.18,Spread
110,1992-02-16,2.2060000000000004,Spread
111,1992-02-23,2.1174999999999997,Spread
112,1992-03-01,1.998,Spread
113,1992-03-08,1.9159999999999997,Spread
114,1992-03-15,1.8820000000000001,Spread
115,1992-03-22,1.7899999999999998,Spread
116,1992-03-29,1.81,Spread
117,1992-04-05,1.954,Spread
118,1992-04-12,2.1399999999999997,Spread
119,1992-04-19,2.17,Spread
120,1992-04-26,2.174,Spread
121,1992-05-03,2.1879999999999997,Spread
122,1992-05-10,2.2,Spread
123,1992-05-17,2.182,Spread
124,1992-05-24,2.128,Spread
125,1992-05-31,2.1375,Spread
126,1992-06-07,2.1319999999999997,Spread
127,1992-06-14,2.222,Spread
128,1992-06-21,2.2340000000000004,Spread
129,1992-06-28,2.232,Spread
130,1992-07-05,2.3149999999999995,Spread
131,1992-07-12,2.496,Spread
132,1992-07-19,2.624,Spread
133,1992-07-26,2.5420000000000003,Spread
134,1992-08-02,2.358,Spread
135,1992-08-09,2.354,Spread
136,1992-08-16,2.3579999999999997,Spread
137,1992-08-23,2.4200000000000004,Spread
138,1992-08-30,2.424,Spread
139,1992-09-06,2.462,Spread
140,1992-09-13,2.4749999999999996,Spread
141,1992-09-20,2.5320000000000005,Spread
142,1992-09-27,2.56,Spread
143,1992-10-04,2.5700000000000003,Spread
144,1992-10-11,2.5599999999999996,Spread
145,1992-10-18,2.52,Spread
146,1992-10-25,2.5060000000000002,Spread
147,1992-11-01,2.4219999999999997,Spread
148,1992-11-08,2.4519999999999995,Spread
149,1992-11-15,2.3674999999999997,Spread
150,1992-11-22,2.2020000000000004,Spread
151,1992-11-29,2.17,Spread
152,1992-12-06,2.136,Spread
153,1992-12-13,2.114,Spread
154,1992-12-20,2.074,Spread
155,1992-12-27,2.0550000000000006,Spread
156,1993-01-03,2.1100000000000003,Spread
157,1993-01-10,2.146,Spread
158,1993-01-17,2.252,Spread
159,1993-01-24,2.2275,Spread
160,1993-01-31,2.218,Spread
161,1993-02-07,2.206,Spread
162,1993-02-14,2.1740000000000004,Spread
163,1993-02-21,2.2,Spread
164,1993-02-28,2.07,Spread
165,1993-03-07,2.0540000000000003,Spread
166,1993-03-14,1.9280000000000002,Spread
167,1993-03-21,2.034,Spread
168,1993-03-28,2.044,Spread
169,1993-04-04,2.1159999999999997,Spread
170,1993-04-11,2.145,Spread
171,1993-04-18,2.102,Spread
172,1993-04-25,2.102,Spread
173,1993-05-02,2.176,Spread
174,1993-05-09,2.146,Spread
175,1993-05-16,2.1019999999999994,Spread
176,1993-05-23,2.05,Spread
177,1993-05-30,1.936,Spread
178,1993-06-06,1.8675000000000002,Spread
179,1993-06-13,1.784,Spread
180,1993-06-20,1.8439999999999999,Spread
181,1993-06-27,1.7399999999999998,Spread
182,1993-07-04,1.7819999999999996,Spread
183,1993-07-11,1.79,Spread
184,1993-07-18,1.7399999999999998,Spread
185,1993-07-25,1.6880000000000002,Spread
186,1993-08-01,1.6920000000000002,Spread
187,1993-08-08,1.7079999999999997,Spread
188,1993-08-15,1.7120000000000004,Spread
189,1993-08-22,1.6960000000000002,Spread
190,1993-08-29,1.6299999999999997,Spread
191,1993-09-05,1.582,Spread
192,1993-09-12,1.4850000000000003,Spread
193,1993-09-19,1.4759999999999998,Spread
194,1993-09-26,1.5379999999999998,Spread
195,1993-10-03,1.5,Spread
196,1993-10-10,1.4919999999999998,Spread
197,1993-10-17,1.4175,Spread
198,1993-10-24,1.4419999999999997,Spread
199,1993-10-31,1.4699999999999998,Spread
200,1993-11-07,1.5099999999999998,Spread
201,1993-11-14,1.5474999999999999,Spread
202,1993-11-21,1.578,Spread
203,1993-11-28,1.635,Spread
204,1993-12-05,1.5939999999999999,Spread
205,1993-12-12,1.524,Spread
206,1993-12-19,1.5899999999999999,Spread
207,1993-12-26,1.5725,Spread
208,1994-01-02,1.5459999999999998,Spread
209,1994-01-09,1.6020000000000003,Spread
210,1994-01-16,1.584,Spread
211,1994-01-23,1.6300000000000001,Spread
212,1994-01-30,1.636,Spread
213,1994-02-06,1.5539999999999998,Spread
214,1994-02-13,1.5019999999999998,Spread
215,1994-02-20,1.4739999999999998,Spread
216,1994-02-27,1.4825,Spread
217,1994-03-06,1.496,Spread
218,1994-03-13,1.472,Spread
219,1994-03-20,1.47,Spread
220,1994-03-27,1.4640000000000002,Spread
221,1994-04-03,1.5449999999999997,Spread
222,1994-04-10,1.528,Spread
223,1994-04-17,1.48,Spread
224,1994-04-24,1.3699999999999997,Spread
225,1994-05-01,1.285,Spread
226,1994-05-08,1.252,Spread
227,1994-05-15,1.2200000000000002,Spread
228,1994-05-22,1.202,Spread
229,1994-05-29,1.198,Spread
230,1994-06-05,1.1450000000000002,Spread
231,1994-06-12,1.1640000000000001,Spread
232,1994-06-19,1.214,Spread
233,1994-06-26,1.18,Spread
234,1994-07-03,1.1359999999999997,Spread
235,1994-07-10,1.1849999999999998,Spread
236,1994-07-17,1.194,Spread
237,1994-07-24,1.182,Spread
238,1994-07-31,1.1179999999999999,Spread
239,1994-08-07,1.1199999999999999,Spread
240,1994-08-14,1.0740000000000003,Spread
241,1994-08-21,1.024,Spread
242,1994-08-28,1.036,Spread
243,1994-09-04,1.0320000000000003,Spread
244,1994-09-11,1.0725000000000002,Spread
245,1994-09-18,1.0859999999999999,Spread
246,1994-09-25,1.068,Spread
247,1994-10-02,1.0440000000000003,Spread
248,1994-10-09,1.0299999999999998,Spread
249,1994-10-16,1.0225000000000002,Spread
250,1994-10-23,1.0199999999999998,Spread
251,1994-10-30,1.0,Spread
252,1994-11-06,0.9839999999999998,Spread
253,1994-11-13,0.9575000000000007,Spread
254,1994-11-20,0.8239999999999998,Spread
255,1994-11-27,0.6699999999999997,Spread
256,1994-12-04,0.4839999999999998,Spread
257,1994-12-11,0.28199999999999986,Spread
258,1994-12-18,0.20599999999999988,Spread
259,1994-12-25,0.18799999999999972,Spread
260,1995-01-01,0.11499999999999977,Spread
261,1995-01-08,0.19999999999999996,Spread
262,1995-01-15,0.23400000000000015,Spread
263,1995-01-22,0.2649999999999999,Spread
264,1995-01-29,0.332,Spread
265,1995-02-05,0.344,Spread
266,1995-02-12,0.33399999999999996,Spread
267,1995-02-19,0.332,Spread
268,1995-02-26,0.4075000000000002,Spread
269,1995-03-05,0.4380000000000003,Spread
270,1995-03-12,0.4380000000000003,Spread
271,1995-03-19,0.40199999999999997,Spread
272,1995-03-26,0.45,Spread
273,1995-04-02,0.4219999999999999,Spread
274,1995-04-09,0.4219999999999999,Spread
275,1995-04-16,0.4674999999999998,Spread
276,1995-04-23,0.5739999999999996,Spread
277,1995-04-30,0.51,Spread
278,1995-05-07,0.4960000000000001,Spread
279,1995-05-14,0.51,Spread
280,1995-05-21,0.43800000000000006,Spread
281,1995-05-28,0.42400000000000004,Spread
282,1995-06-04,0.4675,Spread
283,1995-06-11,0.45999999999999996,Spread
284,1995-06-18,0.458,Spread
285,1995-06-25,0.44399999999999995,Spread
286,1995-07-02,0.41800000000000015,Spread
287,1995-07-09,0.45500000000000007,Spread
288,1995-07-16,0.484,Spread
289,1995-07-23,0.514,Spread
290,1995-07-30,0.516,Spread
291,1995-08-06,0.578,Spread
292,1995-08-13,0.5579999999999998,Spread
293,1995-08-20,0.4720000000000001,Spread
294,1995-08-27,0.47999999999999987,Spread
295,1995-09-03,0.44800000000000023,Spread
296,1995-09-10,0.40500000000000025,Spread
297,1995-09-17,0.39600000000000024,Spread
298,1995-09-24,0.3879999999999999,Spread
299,1995-10-01,0.3700000000000001,Spread
300,1995-10-08,0.33999999999999986,Spread
301,1995-10-15,0.33000000000000007,Spread
302,1995-10-22,0.31400000000000006,Spread
303,1995-10-29,0.374,Spread
304,1995-11-05,0.44200000000000017,Spread
305,1995-11-12,0.4620000000000001,Spread
306,1995-11-19,0.4779999999999999,Spread
307,1995-11-26,0.43499999999999983,Spread
308,1995-12-03,0.4139999999999997,Spread
309,1995-12-10,0.3480000000000002,Spread
310,1995-12-17,0.35200000000000015,Spread
311,1995-12-24,0.4339999999999996,Spread
312,1995-12-31,0.42000000000000015,Spread
313,1996-01-07,0.4500000000000002,Spread
314,1996-01-14,0.5440000000000002,Spread
315,1996-01-21,0.5350000000000001,Spread
316,1996-01-28,0.562,Spread
317,1996-02-04,0.6660000000000001,Spread
318,1996-02-11,0.7620000000000001,Spread
319,1996-02-18,0.8099999999999999,Spread
320,1996-02-25,0.825,Spread
321,1996-03-03,0.742,Spread
322,1996-03-10,0.6859999999999997,Spread
323,1996-03-17,0.6139999999999999,Spread
324,1996-03-24,0.5640000000000003,Spread
325,1996-03-31,0.542,Spread
326,1996-04-07,0.502,Spread
327,1996-04-14,0.5339999999999998,Spread
328,1996-04-21,0.562,Spread
329,1996-04-28,0.592,Spread
330,1996-05-05,0.6559999999999997,Spread
331,1996-05-12,0.6839999999999999,Spread
332,1996-05-19,0.6360000000000003,Spread
333,1996-05-26,0.6140000000000001,Spread
334,1996-06-02,0.6025,Spread
335,1996-06-09,0.5879999999999999,Spread
336,1996-06-16,0.6279999999999999,Spread
337,1996-06-23,0.6280000000000003,Spread
338,1996-06-30,0.6160000000000002,Spread
339,1996-07-07,0.5924999999999998,Spread
340,1996-07-14,0.6060000000000001,Spread
341,1996-07-21,0.5879999999999997,Spread
342,1996-07-28,0.5959999999999998,Spread
343,1996-08-04,0.5899999999999999,Spread
344,1996-08-11,0.5900000000000002,Spread
345,1996-08-18,0.6020000000000001,Spread
346,1996-08-25,0.6220000000000001,Spread
347,1996-09-01,0.6200000000000001,Spread
348,1996-09-08,0.5850000000000004,Spread
349,1996-09-15,0.6060000000000004,Spread
350,1996-09-22,0.5840000000000002,Spread
351,1996-09-29,0.6099999999999998,Spread
352,1996-10-06,0.6220000000000002,Spread
353,1996-10-13,0.6180000000000001,Spread
354,1996-10-20,0.6225,Spread
355,1996-10-27,0.6219999999999996,Spread
356,1996-11-03,0.6140000000000002,Spread
357,1996-11-10,0.54,Spread
358,1996-11-17,0.48750000000000027,Spread
359,1996-11-24,0.484,Spread
360,1996-12-01,0.46999999999999975,Spread
361,1996-12-08,0.48599999999999977,Spread
362,1996-12-15,0.5420000000000001,Spread
363,1996-12-22,0.5479999999999998,Spread
364,1996-12-29,0.4975000000000003,Spread
365,1997-01-05,0.5499999999999998,Spread
366,1997-01-12,0.5799999999999998,Spread
367,1997-01-19,0.5579999999999998,Spread
368,1997-01-26,0.5499999999999996,Spread
369,1997-02-02,0.592,Spread
370,1997-02-09,0.5719999999999998,Spread
371,1997-02-16,0.5159999999999998,Spread
372,1997-02-23,0.5000000000000002,Spread
373,1997-03-02,0.492,Spread
374,1997-03-09,0.47399999999999987,Spread
375,1997-03-16,0.492,Spread
376,1997-03-23,0.4860000000000001,Spread
377,1997-03-30,0.42999999999999994,Spread
378,1997-04-06,0.4699999999999999,Spread
379,1997-04-13,0.45999999999999996,Spread
380,1997-04-20,0.42400000000000004,Spread
381,1997-04-27,0.41000000000000014,Spread
382,1997-05-04,0.42200000000000004,Spread
383,1997-05-11,0.3979999999999997,Spread
384,1997-05-18,0.418,Spread
385,1997-05-25,0.4700000000000001,Spread
386,1997-06-01,0.46250000000000013,Spread
387,1997-06-08,0.4179999999999998,Spread
388,1997-06-15,0.39599999999999974,Spread
389,1997-06-22,0.37000000000000044,Spread
390,1997-06-29,0.406,Spread
391,1997-07-06,0.41000000000000014,Spread
392,1997-07-13,0.34799999999999986,Spread
393,1997-07-20,0.32799999999999996,Spread
394,1997-07-27,0.29399999999999976,Spread
395,1997-08-03,0.3,Spread
396,1997-08-10,0.31800000000000034,Spread
397,1997-08-17,0.3839999999999998,Spread
398,1997-08-24,0.3719999999999999,Spread
399,1997-08-31,0.37399999999999983,Spread
400,1997-09-07,0.36999999999999966,Spread
401,1997-09-14,0.3659999999999998,Spread
402,1997-09-21,0.3080000000000004,Spread
403,1997-09-28,0.2779999999999999,Spread
404,1997-10-05,0.29599999999999993,Spread
405,1997-10-12,0.28400000000000014,Spread
406,1997-10-19,0.25750000000000006,Spread
407,1997-10-26,0.2299999999999999,Spread
408,1997-11-02,0.242,Spread
409,1997-11-09,0.20999999999999996,Spread
410,1997-11-16,0.17499999999999982,Spread
411,1997-11-23,0.13199999999999984,Spread
412,1997-11-30,0.12750000000000017,Spread
413,1997-12-07,0.1,Spread
414,1997-12-14,0.13000000000000042,Spread
415,1997-12-21,0.0879999999999999,Spread
416,1997-12-28,0.054999999999999716,Spread
417,1998-01-04,0.0824999999999998,Spread
418,1998-01-11,0.13800000000000026,Spread
419,1998-01-18,0.1780000000000001,Spread
420,1998-01-25,0.23750000000000004,Spread
421,1998-02-01,0.22800000000000012,Spread
422,1998-02-08,0.23599999999999993,Spread
423,1998-02-15,0.17400000000000002,Spread
424,1998-02-22,0.11750000000000016,Spread
425,1998-03-01,0.09200000000000016,Spread
426,1998-03-08,0.13800000000000007,Spread
427,1998-03-15,0.09199999999999982,Spread
428,1998-03-22,0.06000000000000032,Spread
429,1998-03-29,0.05999999999999996,Spread
430,1998-04-05,0.05999999999999996,Spread
431,1998-04-12,0.07999999999999985,Spread
432,1998-04-19,0.05799999999999983,Spread
433,1998-04-26,0.07599999999999998,Spread
434,1998-05-03,0.09399999999999978,Spread
435,1998-05-10,0.09800000000000005,Spread
436,1998-05-17,0.07599999999999998,Spread
437,1998-05-24,0.03600000000000012,Spread
438,1998-05-31,0.012499999999999512,Spread
439,1998-06-07,0.014000000000000058,Spread
440,1998-06-14,-0.011999999999999922,Spread
441,1998-06-21,-0.0379999999999999,Spread
442,1998-06-28,-0.05,Spread
443,1998-07-05,-0.03249999999999997,Spread
444,1998-07-12,-0.01600000000000019,Spread
445,1998-07-19,0.03200000000000003,Spread
446,1998-07-26,-0.009999999999999964,Spread
447,1998-08-02,0.01599999999999966,Spread
448,1998-08-09,0.03000000000000025,Spread
449,1998-08-16,0.06800000000000032,Spread
450,1998-08-23,0.06400000000000006,Spread
451,1998-08-30,0.11799999999999997,Spread
452,1998-09-06,0.13999999999999968,Spread
453,1998-09-13,0.16249999999999987,Spread
454,1998-09-20,0.12799999999999995,Spread
455,1998-09-27,0.1360000000000003,Spread
456,1998-10-04,0.14400000000000013,Spread
457,1998-10-11,0.30399999999999994,Spread
458,1998-10-18,0.5325000000000003,Spread
459,1998-10-25,0.518,Spread
460,1998-11-01,0.5319999999999998,Spread
461,1998-11-08,0.42600000000000016,Spread
462,1998-11-15,0.2999999999999998,Spread
463,1998-11-22,0.2299999999999999,Spread
464,1998-11-29,0.19499999999999984,Spread
465,1998-12-06,0.20799999999999982,Spread
466,1998-12-13,0.14400000000000013,Spread
467,1998-12-20,0.15600000000000006,Spread
468,1998-12-27,0.08749999999999991,Spread
469,1999-01-03,0.0900000000000003,Spread
470,1999-01-10,0.12200000000000025,Spread
471,1999-01-17,0.13800000000000026,Spread
472,1999-01-24,0.0774999999999999,Spread
473,1999-01-31,0.08399999999999999,Spread
474,1999-02-07,0.1120000000000001,Spread
475,1999-02-14,0.13400000000000017,Spread
476,1999-02-21,0.10500000000000043,Spread
477,1999-02-28,0.13599999999999995,Spread
478,1999-03-07,0.1959999999999999,Spread
479,1999-03-14,0.1620000000000001,Spread
480,1999-03-21,0.13600000000000012,Spread
481,1999-03-28,0.17999999999999988,Spread
482,1999-04-04,0.2520000000000001,Spread
483,1999-04-11,0.19800000000000004,Spread
484,1999-04-18,0.18200000000000002,Spread
485,1999-04-25,0.19999999999999982,Spread
486,1999-05-02,0.23399999999999999,Spread
487,1999-05-09,0.3179999999999998,Spread
488,1999-05-16,0.34399999999999975,Spread
489,1999-05-23,0.2699999999999999,Spread
490,1999-05-30,0.20800000000000002,Spread
491,1999-06-06,0.25250000000000017,Spread
492,1999-06-13,0.26999999999999974,Spread
493,1999-06-20,0.31000000000000016,Spread
494,1999-06-27,0.2919999999999998,Spread
495,1999-07-04,0.2639999999999999,Spread
496,1999-07-11,0.25249999999999995,Spread
497,1999-07-18,0.1959999999999999,Spread
498,1999-07-25,0.23000000000000026,Spread
499,1999-08-01,0.266,Spread
500,1999-08-08,0.3099999999999998,Spread
501,1999-08-15,0.31400000000000006,Spread
502,1999-08-22,0.22599999999999998,Spread
503,1999-08-29,0.20399999999999974,Spread
504,1999-09-05,0.25199999999999995,Spread
505,1999-09-12,0.25749999999999984,Spread
506,1999-09-19,0.2580000000000002,Spread
507,1999-09-26,0.2400000000000002,Spread
508,1999-10-03,0.2559999999999999,Spread
509,1999-10-10,0.2379999999999999,Spread
510,1999-10-17,0.2599999999999998,Spread
511,1999-10-24,0.2600000000000001,Spread
512,1999-10-31,0.2379999999999999,Spread
513,1999-11-07,0.21799999999999997,Spread
514,1999-11-14,0.1875,Spread
515,1999-11-21,0.14399999999999996,Spread
516,1999-11-28,0.135,Spread
517,1999-12-05,0.17400000000000002,Spread
518,1999-12-12,0.16799999999999998,Spread
519,1999-12-19,0.15199999999999977,Spread
520,1999-12-26,0.15999999999999992,Spread
521,2000-01-02,0.19799999999999987,Spread
522,2000-01-09,0.21200000000000027,Spread
523,2000-01-16,0.22399999999999984,Spread
524,2000-01-23,0.29000000000000004,Spread
525,2000-01-30,0.20200000000000012,Spread
526,2000-02-06,-0.021999999999999888,Spread
527,2000-02-13,-0.058000000000000364,Spread
528,2000-02-20,-0.10200000000000031,Spread
529,2000-02-27,-0.15749999999999975,Spread
530,2000-03-05,-0.11399999999999988,Spread
531,2000-03-12,-0.12600000000000033,Spread
532,2000-03-19,-0.21600000000000003,Spread
533,2000-03-26,-0.3919999999999998,Spread
534,2000-04-02,-0.44399999999999995,Spread
535,2000-04-09,-0.4639999999999997,Spread
536,2000-04-16,-0.4580000000000002,Spread
537,2000-04-23,-0.3325,Spread
538,2000-04-30,-0.382,Spread
539,2000-05-07,-0.36199999999999993,Spread
540,2000-05-14,-0.3580000000000002,Spread
541,2000-05-21,-0.40200000000000014,Spread
542,2000-05-28,-0.35,Spread
543,2000-06-04,-0.385,Spread
544,2000-06-11,-0.39799999999999985,Spread
545,2000-06-18,-0.39400000000000013,Spread
546,2000-06-25,-0.3859999999999998,Spread
547,2000-07-02,-0.3579999999999998,Spread
548,2000-07-09,-0.29499999999999993,Spread
549,2000-07-16,-0.27800000000000014,Spread
550,2000-07-23,-0.2980000000000002,Spread
551,2000-07-30,-0.2759999999999998,Spread
552,2000-08-06,-0.25799999999999984,Spread
553,2000-08-13,-0.33800000000000024,Spread
554,2000-08-20,-0.4779999999999999,Spread
555,2000-08-27,-0.47399999999999987,Spread
556,2000-09-03,-0.43800000000000006,Spread
557,2000-09-10,-0.38749999999999996,Spread
558,2000-09-17,-0.31800000000000017,Spread
559,2000-09-24,-0.2040000000000001,Spread
560,2000-10-01,-0.2160000000000002,Spread
561,2000-10-08,-0.14399999999999996,Spread
562,2000-10-15,-0.14500000000000002,Spread
563,2000-10-22,-0.17200000000000007,Spread
564,2000-10-29,-0.21800000000000033,Spread
565,2000-11-05,-0.15600000000000006,Spread
566,2000-11-12,-0.11600000000000002,Spread
567,2000-11-19,-0.16600000000000037,Spread
568,2000-11-26,-0.2100000000000002,Spread
569,2000-12-03,-0.15800000000000036,Spread
570,2000-12-10,-0.1,Spread
571,2000-12-17,-0.17399999999999965,Spread
572,2000-12-24,-0.1339999999999998,Spread
573,2000-12-31,-0.022499999999999742,Spread
574,2001-01-07,0.2250000000000001,Spread
575,2001-01-14,0.36000000000000015,Spread
576,2001-01-21,0.38500000000000045,Spread
577,2001-01-28,0.5039999999999999,Spread
578,2001-02-04,0.546,Spread
579,2001-02-11,0.4259999999999998,Spread
580,2001-02-18,0.33000000000000024,Spread
581,2001-02-25,0.48249999999999993,Spread
582,2001-03-04,0.5099999999999998,Spread
583,2001-03-11,0.48400000000000015,Spread
584,2001-03-18,0.516,Spread
585,2001-03-25,0.5439999999999999,Spread
586,2001-04-01,0.6600000000000001,Spread
587,2001-04-08,0.796,Spread
588,2001-04-15,0.8299999999999998,Spread
589,2001-04-22,0.8959999999999999,Spread
590,2001-04-29,1.0619999999999998,Spread
591,2001-05-06,1.0459999999999998,Spread
592,2001-05-13,1.13,Spread
593,2001-05-20,1.158,Spread
594,2001-05-27,1.13,Spread
595,2001-06-03,1.1975,Spread
596,2001-06-10,1.1759999999999997,Spread
597,2001-06-17,1.214,Spread
598,2001-06-24,1.2519999999999996,Spread
599,2001-07-01,1.182,Spread
600,2001-07-08,1.195,Spread
601,2001-07-15,1.2099999999999995,Spread
602,2001-07-22,1.15,Spread
603,2001-07-29,1.208,Spread
604,2001-08-05,1.2760000000000002,Spread
605,2001-08-12,1.2720000000000002,Spread
606,2001-08-19,1.214,Spread
607,2001-08-26,1.168,Spread
608,2001-09-02,1.1600000000000001,Spread
609,2001-09-09,1.205,Spread
610,2001-09-16,1.5533333333333335,Spread
611,2001-09-23,1.7879999999999998,Spread
612,2001-09-30,1.8,Spread
613,2001-10-07,1.762,Spread
614,2001-10-14,1.8475000000000001,Spread
615,2001-10-21,1.8240000000000003,Spread
616,2001-10-28,1.8820000000000001,Spread
617,2001-11-04,1.8820000000000001,Spread
618,2001-11-11,1.8939999999999997,Spread
619,2001-11-18,1.835,Spread
620,2001-11-25,1.8775,Spread
621,2001-12-02,1.8840000000000003,Spread
622,2001-12-09,1.9060000000000001,Spread
623,2001-12-16,2.0599999999999996,Spread
624,2001-12-23,1.986,Spread
625,2001-12-30,1.9625,Spread
626,2002-01-06,1.985,Spread
627,2002-01-13,2.066,Spread
628,2002-01-20,2.06,Spread
629,2002-01-27,1.955,Spread
630,2002-02-03,1.9419999999999997,Spread
631,2002-02-10,1.9419999999999997,Spread
632,2002-02-17,1.916,Spread
633,2002-02-24,1.8824999999999998,Spread
634,2002-03-03,1.814,Spread
635,2002-03-10,1.7879999999999996,Spread
636,2002-03-17,1.7560000000000002,Spread
637,2002-03-24,1.6640000000000001,Spread
638,2002-03-31,1.6724999999999999,Spread
639,2002-04-07,1.7240000000000002,Spread
640,2002-04-14,1.752,Spread
641,2002-04-21,1.814,Spread
642,2002-04-28,1.83,Spread
643,2002-05-05,1.8800000000000001,Spread
644,2002-05-12,1.934,Spread
645,2002-05-19,1.9120000000000001,Spread
646,2002-05-26,1.8880000000000003,Spread
647,2002-06-02,1.87,Spread
648,2002-06-09,1.9099999999999997,Spread
649,2002-06-16,1.9260000000000002,Spread
650,2002-06-23,1.9319999999999997,Spread
651,2002-06-30,1.966,Spread
652,2002-07-07,1.9900000000000002,Spread
653,2002-07-14,2.0420000000000003,Spread
654,2002-07-21,2.104,Spread
655,2002-07-28,2.146,Spread
656,2002-08-04,2.272,Spread
657,2002-08-11,2.302,Spread
658,2002-08-18,2.034,Spread
659,2002-08-25,2.062,Spread
660,2002-09-01,2.0140000000000002,Spread
661,2002-09-08,1.96,Spread
662,2002-09-15,1.8800000000000001,Spread
663,2002-09-22,1.834,Spread
664,2002-09-29,1.798,Spread
665,2002-10-06,1.9300000000000002,Spread
666,2002-10-13,1.904,Spread
667,2002-10-20,2.035,Spread
668,2002-10-27,2.068,Spread
669,2002-11-03,2.23,Spread
670,2002-11-10,2.1559999999999997,Spread
671,2002-11-17,2.1025,Spread
672,2002-11-24,2.0919999999999996,Spread
673,2002-12-01,2.12,Spread
674,2002-12-08,2.166,Spread
675,2002-12-15,2.1719999999999997,Spread
676,2002-12-22,2.226,Spread
677,2002-12-29,2.2175000000000002,Spread
678,2003-01-05,2.24,Spread
679,2003-01-12,2.3,Spread
680,2003-01-19,2.3459999999999996,Spread
681,2003-01-26,2.3,Spread
682,2003-02-02,2.29,Spread
683,2003-02-09,2.2960000000000003,Spread
684,2003-02-16,2.3200000000000003,Spread
685,2003-02-23,2.27,Spread
686,2003-03-02,2.2119999999999997,Spread
687,2003-03-09,2.186,Spread
688,2003-03-16,2.184,Spread
689,2003-03-23,2.242,Spread
690,2003-03-30,2.304,Spread
691,2003-04-06,2.3579999999999997,Spread
692,2003-04-13,2.364,Spread
693,2003-04-20,2.2875,Spread
694,2003-04-27,2.3139999999999996,Spread
695,2003-05-04,2.3619999999999997,Spread
696,2003-05-11,2.2960000000000003,Spread
697,2003-05-18,2.122,Spread
698,2003-05-25,2.026,Spread
699,2003-06-01,2.0625,Spread
700,2003-06-08,2.106,Spread
701,2003-06-15,2.06,Spread
702,2003-06-22,2.096,Spread
703,2003-06-29,2.144,Spread
704,2003-07-06,2.2725,Spread
705,2003-07-13,2.368,Spread
706,2003-07-20,2.4720000000000004,Spread
707,2003-07-27,2.6239999999999997,Spread
708,2003-08-03,2.686,Spread
709,2003-08-10,2.5759999999999996,Spread
710,2003-08-17,2.668,Spread
711,2003-08-24,2.572,Spread
712,2003-08-31,2.5060000000000002,Spread
713,2003-09-07,2.5974999999999997,Spread
714,2003-09-14,2.6420000000000003,Spread
715,2003-09-21,2.572,Spread
716,2003-09-28,2.5060000000000002,Spread
717,2003-10-05,2.508,Spread
718,2003-10-12,2.6119999999999997,Spread
719,2003-10-19,2.575,Spread
720,2003-10-26,2.498,Spread
721,2003-11-02,2.498,Spread
722,2003-11-09,2.458,Spread
723,2003-11-16,2.395,Spread
724,2003-11-23,2.3400000000000003,Spread
725,2003-11-30,2.2875000000000005,Spread
726,2003-12-07,2.3160000000000003,Spread
727,2003-12-14,2.384,Spread
728,2003-12-21,2.362,Spread
729,2003-12-28,2.3449999999999998,Spread
730,2004-01-04,2.42,Spread
731,2004-01-11,2.4379999999999997,Spread
732,2004-01-18,2.374,Spread
733,2004-01-25,2.365,Spread
734,2004-02-01,2.366,Spread
735,2004-02-08,2.35,Spread
736,2004-02-15,2.332,Spread
737,2004-02-22,2.3449999999999998,Spread
738,2004-02-29,2.35,Spread
739,2004-03-07,2.3120000000000003,Spread
740,2004-03-14,2.228,Spread
741,2004-03-21,2.2079999999999997,Spread
742,2004-03-28,2.232,Spread
743,2004-04-04,2.274,Spread
744,2004-04-11,2.3275,Spread
745,2004-04-18,2.322,Spread
746,2004-04-25,2.262,Spread
747,2004-05-02,2.2060000000000004,Spread
748,2004-05-09,2.218,Spread
749,2004-05-16,2.194,Spread
750,2004-05-23,2.1719999999999997,Spread
751,2004-05-30,2.144,Spread
752,2004-06-06,2.09,Spread
753,2004-06-13,2.0475000000000003,Spread
754,2004-06-20,1.9100000000000001,Spread
755,2004-06-27,1.918,Spread
756,2004-07-04,1.9120000000000001,Spread
757,2004-07-11,1.9375000000000002,Spread
758,2004-07-18,1.886,Spread
759,2004-07-25,1.7920000000000003,Spread
760,2004-08-01,1.8080000000000003,Spread
761,2004-08-08,1.8060000000000003,Spread
762,2004-08-15,1.7719999999999998,Spread
763,2004-08-22,1.7760000000000002,Spread
764,2004-08-29,1.7600000000000002,Spread
765,2004-09-05,1.718,Spread
766,2004-09-12,1.6925,Spread
767,2004-09-19,1.652,Spread
768,2004-09-26,1.5079999999999998,Spread
769,2004-10-03,1.4939999999999998,Spread
770,2004-10-10,1.536,Spread
771,2004-10-17,1.5525000000000002,Spread
772,2004-10-24,1.4780000000000002,Spread
773,2004-10-31,1.4780000000000002,Spread
774,2004-11-07,1.4739999999999998,Spread
775,2004-11-14,1.4025,Spread
776,2004-11-21,1.282,Spread
777,2004-11-28,1.2100000000000002,Spread
778,2004-12-05,1.334,Spread
779,2004-12-12,1.258,Spread
780,2004-12-19,1.1620000000000001,Spread
781,2004-12-26,1.165,Spread
782,2005-01-02,1.1999999999999997,Spread
783,2005-01-09,1.098,Spread
784,2005-01-16,1.018,Spread
785,2005-01-23,0.9625000000000001,Spread
786,2005-01-30,0.9399999999999998,Spread
787,2005-02-06,0.836,Spread
788,2005-02-13,0.756,Spread
789,2005-02-20,0.7619999999999999,Spread
790,2005-02-27,0.7849999999999998,Spread
791,2005-03-06,0.7840000000000001,Spread
792,2005-03-13,0.7899999999999998,Spread
793,2005-03-20,0.7839999999999996,Spread
794,2005-03-27,0.7675000000000001,Spread
795,2005-04-03,0.7159999999999999,Spread
796,2005-04-10,0.74,Spread
797,2005-04-17,0.7179999999999999,Spread
798,2005-04-24,0.688,Spread
799,2005-05-01,0.5980000000000001,Spread
800,2005-05-08,0.5660000000000001,Spread
801,2005-05-15,0.526,Spread
802,2005-05-22,0.4900000000000001,Spread
803,2005-05-29,0.4400000000000001,Spread
804,2005-06-05,0.3975000000000001,Spread
805,2005-06-12,0.35,Spread
806,2005-06-19,0.3919999999999998,Spread
807,2005-06-26,0.346,Spread
808,2005-07-03,0.308,Spread
809,2005-07-10,0.3250000000000002,Spread
810,2005-07-17,0.32200000000000023,Spread
811,2005-07-24,0.31000000000000016,Spread
812,2005-07-31,0.274,Spread
813,2005-08-07,0.2820000000000002,Spread
814,2005-08-14,0.2440000000000003,Spread
815,2005-08-21,0.1959999999999999,Spread
816,2005-08-28,0.18000000000000008,Spread
817,2005-09-04,0.21799999999999997,Spread
818,2005-09-11,0.2775000000000001,Spread
819,2005-09-18,0.2799999999999998,Spread
820,2005-09-25,0.2560000000000001,Spread
821,2005-10-02,0.1879999999999999,Spread
822,2005-10-09,0.166,Spread
823,2005-10-16,0.20750000000000024,Spread
824,2005-10-23,0.20200000000000012,Spread
825,2005-10-30,0.20199999999999996,Spread
826,2005-11-06,0.17600000000000032,Spread
827,2005-11-13,0.14500000000000002,Spread
828,2005-11-20,0.092,Spread
829,2005-11-27,0.0974999999999997,Spread
830,2005-12-04,0.07799999999999993,Spread
831,2005-12-11,0.09600000000000009,Spread
832,2005-12-18,0.0959999999999999,Spread
833,2005-12-25,0.04600000000000008,Spread
834,2006-01-01,-0.007500000000000062,Spread
835,2006-01-08,0.03500000000000014,Spread
836,2006-01-15,0.021999999999999888,Spread
837,2006-01-22,0.00749999999999984,Spread
838,2006-01-29,0.024000000000000198,Spread
839,2006-02-05,-0.01599999999999966,Spread
840,2006-02-12,-0.08200000000000021,Spread
841,2006-02-19,-0.09800000000000005,Spread
842,2006-02-26,-0.15249999999999986,Spread
843,2006-03-05,-0.11400000000000024,Spread
844,2006-03-12,-0.001999999999999602,Spread
845,2006-03-19,0.03599999999999977,Spread
846,2006-03-26,-0.0259999999999998,Spread
847,2006-04-02,0.002000000000000135,Spread
848,2006-04-09,0.04400000000000013,Spread
849,2006-04-16,0.07250000000000001,Spread
850,2006-04-23,0.1379999999999999,Spread
851,2006-04-30,0.14600000000000007,Spread
852,2006-05-07,0.1959999999999999,Spread
853,2006-05-14,0.15200000000000014,Spread
854,2006-05-21,0.14399999999999996,Spread
855,2006-05-28,0.0959999999999999,Spread
856,2006-06-04,0.08250000000000002,Spread
857,2006-06-11,0.0019999999999999575,Spread
858,2006-06-18,-0.041999999999999996,Spread
859,2006-06-25,-0.040000000000000036,Spread
860,2006-07-02,-0.01799999999999997,Spread
861,2006-07-09,-0.022499999999999742,Spread
862,2006-07-16,-0.04600000000000008,Spread
863,2006-07-23,-0.04600000000000008,Spread
864,2006-07-30,-0.01799999999999997,Spread
865,2006-08-06,0.002000000000000135,Spread
866,2006-08-13,0.0019999999999997797,Spread
867,2006-08-20,-0.014000000000000058,Spread
868,2006-08-27,-0.053999999999999916,Spread
869,2006-09-03,-0.06399999999999988,Spread
870,2006-09-10,-0.020000000000000018,Spread
871,2006-09-17,-0.04200000000000017,Spread
872,2006-09-24,-0.06599999999999984,Spread
873,2006-10-01,-0.06800000000000014,Spread
874,2006-10-08,-0.039999999999999855,Spread
875,2006-10-15,-0.06499999999999995,Spread
876,2006-10-22,-0.06599999999999984,Spread
877,2006-10-29,-0.08199999999999985,Spread
878,2006-11-05,-0.09200000000000016,Spread
879,2006-11-12,-0.1200000000000001,Spread
880,2006-11-19,-0.16999999999999957,Spread
881,2006-11-26,-0.17000000000000015,Spread
882,2006-12-03,-0.1500000000000002,Spread
883,2006-12-10,-0.09599999999999972,Spread
884,2006-12-17,-0.13000000000000042,Spread
885,2006-12-24,-0.10400000000000027,Spread
886,2006-12-31,-0.10999999999999988,Spread
887,2007-01-07,-0.10249999999999981,Spread
888,2007-01-14,-0.11999999999999993,Spread
889,2007-01-21,-0.1299999999999999,Spread
890,2007-01-28,-0.12400000000000037,Spread
891,2007-02-04,-0.10600000000000023,Spread
892,2007-02-11,-0.1280000000000001,Spread
893,2007-02-18,-0.13399999999999998,Spread
894,2007-02-25,-0.135,Spread
895,2007-03-04,-0.08600000000000012,Spread
896,2007-03-11,-0.04600000000000008,Spread
897,2007-03-18,-0.030000000000000072,Spread
898,2007-03-25,-0.0019999999999999575,Spread
899,2007-04-01,0.05999999999999996,Spread
900,2007-04-08,0.040000000000000036,Spread
901,2007-04-15,0.011999999999999922,Spread
902,2007-04-22,0.02200000000000024,Spread
903,2007-04-29,0.03600000000000012,Spread
904,2007-05-06,-0.003999999999999915,Spread
905,2007-05-13,-0.04800000000000004,Spread
906,2007-05-20,-0.026000000000000335,Spread
907,2007-05-27,0.00200000000000049,Spread
908,2007-06-03,-0.012499999999999734,Spread
909,2007-06-10,0.028000000000000115,Spread
910,2007-06-17,0.13400000000000017,Spread
911,2007-06-24,0.17199999999999988,Spread
912,2007-07-01,0.1839999999999998,Spread
913,2007-07-08,0.16749999999999998,Spread
914,2007-07-15,0.1860000000000001,Spread
915,2007-07-22,0.16999999999999993,Spread
916,2007-07-29,0.19800000000000023,Spread
917,2007-08-05,0.2160000000000002,Spread
918,2007-08-12,0.2619999999999999,Spread
919,2007-08-19,0.42000000000000026,Spread
920,2007-08-26,0.46199999999999974,Spread
921,2007-09-02,0.39399999999999996,Spread
922,2007-09-09,0.4474999999999999,Spread
923,2007-09-16,0.43599999999999994,Spread
924,2007-09-23,0.5200000000000002,Spread
925,2007-09-30,0.6239999999999999,Spread
926,2007-10-07,0.5480000000000002,Spread
927,2007-10-14,0.5049999999999999,Spread
928,2007-10-21,0.5560000000000002,Spread
929,2007-10-28,0.612,Spread
930,2007-11-04,0.5920000000000001,Spread
931,2007-11-11,0.738,Spread
932,2007-11-18,0.7675000000000001,Spread
933,2007-11-25,0.9399999999999998,Spread
934,2007-12-02,0.8960000000000001,Spread
935,2007-12-09,0.998,Spread
936,2007-12-16,0.9800000000000001,Spread
937,2007-12-23,0.9579999999999999,Spread
938,2007-12-30,0.985,Spread
939,2008-01-06,1.06,Spread
940,2008-01-13,1.152,Spread
941,2008-01-20,1.2340000000000004,Spread
942,2008-01-27,1.4175,Spread
943,2008-02-03,1.464,Spread
944,2008-02-10,1.6780000000000002,Spread
945,2008-02-17,1.794,Spread
946,2008-02-24,1.8050000000000002,Spread
947,2008-03-02,1.8359999999999999,Spread
948,2008-03-09,2.0140000000000002,Spread
949,2008-03-16,1.9220000000000002,Spread
950,2008-03-23,1.8699999999999999,Spread
951,2008-03-30,1.7739999999999998,Spread
952,2008-04-06,1.738,Spread
953,2008-04-13,1.698,Spread
954,2008-04-20,1.69,Spread
955,2008-04-27,1.5059999999999998,Spread
956,2008-05-04,1.462,Spread
957,2008-05-11,1.5260000000000002,Spread
958,2008-05-18,1.412,Spread
959,2008-05-25,1.4,Spread
960,2008-06-01,1.4,Spread
961,2008-06-08,1.5059999999999998,Spread
962,2008-06-15,1.236,Spread
963,2008-06-22,1.2600000000000002,Spread
964,2008-06-29,1.294,Spread
965,2008-07-06,1.395,Spread
966,2008-07-13,1.424,Spread
967,2008-07-20,1.4760000000000002,Spread
968,2008-07-27,1.406,Spread
969,2008-08-03,1.4540000000000002,Spread
970,2008-08-10,1.4739999999999998,Spread
971,2008-08-17,1.442,Spread
972,2008-08-24,1.496,Spread
973,2008-08-31,1.45,Spread
974,2008-09-07,1.4500000000000002,Spread
975,2008-09-14,1.4300000000000002,Spread
976,2008-09-21,1.686,Spread
977,2008-09-28,1.734,Spread
978,2008-10-05,1.956,Spread
979,2008-10-12,2.122,Spread
980,2008-10-19,2.3449999999999998,Spread
981,2008-10-26,2.1559999999999997,Spread
982,2008-11-02,2.33,Spread
983,2008-11-09,2.4539999999999997,Spread
984,2008-11-16,2.5524999999999998,Spread
985,2008-11-23,2.268,Spread
986,2008-11-30,1.9575,Spread
987,2008-12-07,1.7740000000000002,Spread
988,2008-12-14,1.826,Spread
989,2008-12-21,1.552,Spread
990,2008-12-28,1.2850000000000001,Spread
991,2009-01-04,1.4449999999999998,Spread
992,2009-01-11,1.6880000000000002,Spread
993,2009-01-18,1.562,Spread
994,2009-01-25,1.785,Spread
995,2009-02-01,1.848,Spread
996,2009-02-08,1.9600000000000002,Spread
997,2009-02-15,1.9259999999999997,Spread
998,2009-02-22,1.8,Spread
999,2009-03-01,1.8739999999999999,Spread
1000,2009-03-08,1.986,Spread
1001,2009-03-15,1.9200000000000004,Spread
1002,2009-03-22,1.8259999999999998,Spread
1003,2009-03-29,1.818,Spread
1004,2009-04-05,1.8960000000000001,Spread
1005,2009-04-12,1.99,Spread
1006,2009-04-19,1.966,Spread
1007,2009-04-26,1.988,Spread
1008,2009-05-03,2.1740000000000004,Spread
1009,2009-05-10,2.254,Spread
1010,2009-05-17,2.246,Spread
1011,2009-05-24,2.388,Spread
1012,2009-05-31,2.6350000000000002,Spread
1013,2009-06-07,2.6719999999999997,Spread
1014,2009-06-14,2.532,Spread
1015,2009-06-21,2.5100000000000002,Spread
1016,2009-06-28,2.488,Spread
1017,2009-07-05,2.4625,Spread
1018,2009-07-12,2.476,Spread
1019,2009-07-19,2.566,Spread
1020,2009-07-26,2.6100000000000003,Spread
1021,2009-08-02,2.532,Spread
1022,2009-08-09,2.5380000000000003,Spread
1023,2009-08-16,2.51,Spread
1024,2009-08-23,2.43,Spread
1025,2009-08-30,2.418,Spread
1026,2009-09-06,2.444,Spread
1027,2009-09-13,2.4975,Spread
1028,2009-09-20,2.472,Spread
1029,2009-09-27,2.444,Spread
1030,2009-10-04,2.3400000000000003,Spread
1031,2009-10-11,2.37,Spread
1032,2009-10-18,2.475,Spread
1033,2009-10-25,2.436,Spread
1034,2009-11-01,2.516,Spread
1035,2009-11-08,2.624,Spread
1036,2009-11-15,2.6350000000000002,Spread
1037,2009-11-22,2.584,Spread
1038,2009-11-29,2.5675,Spread
1039,2009-12-06,2.6079999999999997,Spread
1040,2009-12-13,2.69,Spread
1041,2009-12-20,2.726,Spread
1042,2009-12-27,2.8099999999999996,Spread
1043,2010-01-03,2.7299999999999995,Spread
1044,2010-01-10,2.81,Spread
1045,2010-01-17,2.836,Spread
1046,2010-01-24,2.7725,Spread
1047,2010-01-31,2.7920000000000003,Spread
1048,2010-02-07,2.8240000000000003,Spread
1049,2010-02-14,2.8280000000000003,Spread
1050,2010-02-21,2.8575,Spread
1051,2010-02-28,2.832,Spread
1052,2010-03-07,2.7939999999999996,Spread
1053,2010-03-14,2.79,Spread
1054,2010-03-21,2.712,Spread
1055,2010-03-28,2.7439999999999998,Spread
1056,2010-04-04,2.8339999999999996,Spread
1057,2010-04-11,2.8280000000000003,Spread
1058,2010-04-18,2.8019999999999996,Spread
1059,2010-04-25,2.76,Spread
1060,2010-05-02,2.732,Spread
1061,2010-05-09,2.6740000000000004,Spread
1062,2010-05-16,2.682,Spread
1063,2010-05-23,2.554,Spread
1064,2010-05-30,2.448,Spread
1065,2010-06-06,2.5225,Spread
1066,2010-06-13,2.472,Spread
1067,2010-06-20,2.5100000000000002,Spread
1068,2010-06-27,2.48,Spread
1069,2010-07-04,2.37,Spread
1070,2010-07-11,2.3875,Spread
1071,2010-07-18,2.42,Spread
1072,2010-07-25,2.37,Spread
1073,2010-08-01,2.418,Spread
1074,2010-08-08,2.406,Spread
1075,2010-08-15,2.22,Spread
1076,2010-08-22,2.1079999999999997,Spread
1077,2010-08-29,2.0420000000000003,Spread
1078,2010-09-05,2.09,Spread
1079,2010-09-12,2.1725000000000003,Spread
1080,2010-09-19,2.2380000000000004,Spread
1081,2010-09-26,2.166,Spread
1082,2010-10-03,2.104,Spread
1083,2010-10-10,2.064,Spread
1084,2010-10-17,2.13,Spread
1085,2010-10-24,2.174,Spread
1086,2010-10-31,2.29,Spread
1087,2010-11-07,2.268,Spread
1088,2010-11-14,2.2275,Spread
1089,2010-11-21,2.372,Spread
1090,2010-11-28,2.3475,Spread
1091,2010-12-05,2.4240000000000004,Spread
1092,2010-12-12,2.6079999999999997,Spread
1093,2010-12-19,2.778,Spread
1094,2010-12-26,2.7275,Spread
1095,2011-01-02,2.7039999999999997,Spread
1096,2011-01-09,2.754,Spread
1097,2011-01-16,2.7600000000000002,Spread
1098,2011-01-23,2.7975000000000003,Spread
1099,2011-01-30,2.798,Spread
1100,2011-02-06,2.868,Spread
1101,2011-02-13,2.854,Spread
1102,2011-02-20,2.774,Spread
1103,2011-02-27,2.725,Spread
1104,2011-03-06,2.77,Spread
1105,2011-03-13,2.7800000000000002,Spread
1106,2011-03-20,2.682,Spread
1107,2011-03-27,2.674,Spread
1108,2011-04-03,2.67,Spread
1109,2011-04-10,2.716,Spread
1110,2011-04-17,2.738,Spread
1111,2011-04-24,2.725,Spread
1112,2011-05-01,2.716,Spread
1113,2011-05-08,2.648,Spread
1114,2011-05-15,2.6260000000000003,Spread
1115,2011-05-22,2.6,Spread
1116,2011-05-29,2.582,Spread
1117,2011-06-05,2.57,Spread
1118,2011-06-12,2.59,Spread
1119,2011-06-19,2.5940000000000003,Spread
1120,2011-06-26,2.582,Spread
1121,2011-07-03,2.646,Spread
1122,2011-07-10,2.6799999999999997,Spread
1123,2011-07-17,2.568,Spread
1124,2011-07-24,2.5740000000000003,Spread
1125,2011-07-31,2.556,Spread
1126,2011-08-07,2.306,Spread
1127,2011-08-14,2.0620000000000003,Spread
1128,2011-08-21,1.972,Spread
1129,2011-08-28,1.9740000000000002,Spread
1130,2011-09-04,1.9759999999999998,Spread
1131,2011-09-11,1.795,Spread
1132,2011-09-18,1.828,Spread
1133,2011-09-25,1.6760000000000002,Spread
1134,2011-10-02,1.7119999999999997,Spread
1135,2011-10-09,1.6620000000000001,Spread
1136,2011-10-16,1.9224999999999999,Spread
1137,2011-10-23,1.9120000000000001,Spread
1138,2011-10-30,1.9899999999999998,Spread
1139,2011-11-06,1.8379999999999999,Spread
1140,2011-11-13,1.8,Spread
1141,2011-11-20,1.752,Spread
1142,2011-11-27,1.6749999999999998,Spread
1143,2011-12-04,1.782,Spread
1144,2011-12-11,1.8,Spread
1145,2011-12-18,1.6919999999999997,Spread
1146,2011-12-25,1.6800000000000002,Spread
1147,2012-01-01,1.66,Spread
1148,2012-01-08,1.7325,Spread
1149,2012-01-15,1.7079999999999997,Spread
1150,2012-01-22,1.72,Spread
1151,2012-01-29,1.782,Spread
1152,2012-02-05,1.654,Spread
1153,2012-02-12,1.7280000000000002,Spread
1154,2012-02-19,1.6779999999999997,Spread
1155,2012-02-26,1.7025,Spread
1156,2012-03-04,1.6759999999999997,Spread
1157,2012-03-11,1.69,Spread
1158,2012-03-18,1.85,Spread
1159,2012-03-25,1.938,Spread
1160,2012-04-01,1.8780000000000001,Spread
1161,2012-04-08,1.864,Spread
1162,2012-04-15,1.752,Spread
1163,2012-04-22,1.7259999999999998,Spread
1164,2012-04-29,1.718,Spread
1165,2012-05-06,1.6800000000000002,Spread
1166,2012-05-13,1.61,Spread
1167,2012-05-20,1.438,Spread
1168,2012-05-27,1.464,Spread
1169,2012-06-03,1.335,Spread
1170,2012-06-10,1.3519999999999999,Spread
1171,2012-06-17,1.332,Spread
1172,2012-06-24,1.3319999999999999,Spread
1173,2012-07-01,1.3279999999999998,Spread
1174,2012-07-08,1.325,Spread
1175,2012-07-15,1.262,Spread
1176,2012-07-22,1.286,Spread
1177,2012-07-29,1.246,Spread
1178,2012-08-05,1.306,Spread
1179,2012-08-12,1.3820000000000001,Spread
1180,2012-08-19,1.486,Spread
1181,2012-08-26,1.458,Spread
1182,2012-09-02,1.3679999999999999,Spread
1183,2012-09-09,1.385,Spread
1184,2012-09-16,1.504,Spread
1185,2012-09-23,1.544,Spread
1186,2012-09-30,1.422,Spread
1187,2012-10-07,1.432,Spread
1188,2012-10-14,1.4449999999999998,Spread
1189,2012-10-21,1.5,Spread
1190,2012-10-28,1.51,Spread
1191,2012-11-04,1.4449999999999998,Spread
1192,2012-11-11,1.404,Spread
1193,2012-11-18,1.335,Spread
1194,2012-11-25,1.395,Spread
1195,2012-12-02,1.3719999999999999,Spread
1196,2012-12-09,1.366,Spread
1197,2012-12-16,1.446,Spread
1198,2012-12-23,1.534,Spread
1199,2012-12-30,1.495,Spread
1200,2013-01-06,1.6075,Spread
1201,2013-01-13,1.642,Spread
1202,2013-01-20,1.6059999999999999,Spread
1203,2013-01-27,1.6375,Spread
1204,2013-02-03,1.7439999999999998,Spread
1205,2013-02-10,1.746,Spread
1206,2013-02-17,1.732,Spread
1207,2013-02-24,1.73,Spread
1208,2013-03-03,1.6300000000000001,Spread
1209,2013-03-10,1.706,Spread
1210,2013-03-17,1.7719999999999998,Spread
1211,2013-03-24,1.686,Spread
1212,2013-03-31,1.65,Spread
1213,2013-04-07,1.578,Spread
1214,2013-04-14,1.554,Spread
1215,2013-04-21,1.494,Spread
1216,2013-04-28,1.496,Spread
1217,2013-05-05,1.492,Spread
1218,2013-05-12,1.6,Spread
1219,2013-05-19,1.6780000000000002,Spread
1220,2013-05-26,1.734,Spread
1221,2013-06-02,1.8424999999999998,Spread
1222,2013-06-09,1.816,Spread
1223,2013-06-16,1.8780000000000001,Spread
1224,2013-06-23,2.018,Spread
1225,2013-06-30,2.154,Spread
1226,2013-07-07,2.1975000000000002,Spread
1227,2013-07-14,2.276,Spread
1228,2013-07-21,2.212,Spread
1229,2013-07-28,2.242,Spread
1230,2013-08-04,2.318,Spread
1231,2013-08-11,2.304,Spread
1232,2013-08-18,2.384,Spread
1233,2013-08-25,2.474,Spread
1234,2013-09-01,2.37,Spread
1235,2013-09-08,2.4524999999999997,Spread
1236,2013-09-15,2.4579999999999997,Spread
1237,2013-09-22,2.424,Spread
1238,2013-09-29,2.316,Spread
1239,2013-10-06,2.316,Spread
1240,2013-10-13,2.3120000000000003,Spread
1241,2013-10-20,2.32,Spread
1242,2013-10-27,2.2279999999999998,Spread
1243,2013-11-03,2.2479999999999998,Spread
1244,2013-11-10,2.368,Spread
1245,2013-11-17,2.4225,Spread
1246,2013-11-24,2.4479999999999995,Spread
1247,2013-12-01,2.4475,Spread
1248,2013-12-08,2.544,Spread
1249,2013-12-15,2.5420000000000003,Spread
1250,2013-12-22,2.548,Spread
1251,2013-12-29,2.5925000000000002,Spread
1252,2014-01-05,2.6174999999999997,Spread
1253,2014-01-12,2.548,Spread
1254,2014-01-19,2.4639999999999995,Spread
1255,2014-01-26,2.415,Spread
1256,2014-02-02,2.364,Spread
1257,2014-02-09,2.366,Spread
1258,2014-02-16,2.414,Spread
1259,2014-02-23,2.405,Spread
1260,2014-03-02,2.35,Spread
1261,2014-03-09,2.362,Spread
1262,2014-03-16,2.3579999999999997,Spread
1263,2014-03-23,2.318,Spread
1264,2014-03-30,2.266,Spread
1265,2014-04-06,2.324,Spread
1266,2014-04-13,2.2939999999999996,Spread
1267,2014-04-20,2.2725,Spread
1268,2014-04-27,2.276,Spread
1269,2014-05-04,2.2359999999999998,Spread
1270,2014-05-11,2.2039999999999997,Spread
1271,2014-05-18,2.1759999999999997,Spread
1272,2014-05-25,2.1759999999999997,Spread
1273,2014-06-01,2.0975,Spread
1274,2014-06-08,2.184,Spread
1275,2014-06-15,2.18,Spread
1276,2014-06-22,2.1380000000000003,Spread
1277,2014-06-29,2.1,Spread
1278,2014-07-06,2.1125,Spread
1279,2014-07-13,2.0759999999999996,Spread
1280,2014-07-20,2.036,Spread
1281,2014-07-27,1.9780000000000002,Spread
1282,2014-08-03,2.0,Spread
1283,2014-08-10,2.0100000000000002,Spread
1284,2014-08-17,1.9759999999999998,Spread
1285,2014-08-24,1.9240000000000002,Spread
1286,2014-08-31,1.86,Spread
1287,2014-09-07,1.9075,Spread
1288,2014-09-14,1.968,Spread
1289,2014-09-21,2.028,Spread
1290,2014-09-28,1.97,Spread
1291,2014-10-05,1.908,Spread
1292,2014-10-12,1.8719999999999999,Spread
1293,2014-10-19,1.8199999999999998,Spread
1294,2014-10-26,1.8560000000000003,Spread
1295,2014-11-02,1.8579999999999999,Spread
1296,2014-11-09,1.834,Spread
1297,2014-11-16,1.8125,Spread
1298,2014-11-23,1.8,Spread
1299,2014-11-30,1.7375,Spread
1300,2014-12-07,1.7080000000000002,Spread
1301,2014-12-14,1.58,Spread
1302,2014-12-21,1.516,Spread
1303,2014-12-28,1.5125,Spread
1304,2015-01-04,1.4925000000000002,Spread
1305,2015-01-11,1.3639999999999999,Spread
1306,2015-01-18,1.35,Spread
1307,2015-01-25,1.3225,Spread
1308,2015-02-01,1.256,Spread
1309,2015-02-08,1.2719999999999998,Spread
1310,2015-02-15,1.3439999999999999,Spread
1311,2015-02-22,1.4475,Spread
1312,2015-03-01,1.3800000000000001,Spread
1313,2015-03-08,1.458,Spread
1314,2015-03-15,1.4460000000000002,Spread
1315,2015-03-22,1.3679999999999999,Spread
1316,2015-03-29,1.3459999999999999,Spread
1317,2015-04-05,1.3619999999999999,Spread
1318,2015-04-12,1.392,Spread
1319,2015-04-19,1.386,Spread
1320,2015-04-26,1.388,Spread
1321,2015-05-03,1.466,Spread
1322,2015-05-10,1.57,Spread
1323,2015-05-17,1.654,Spread
1324,2015-05-24,1.6219999999999999,Spread
1325,2015-05-31,1.505,Spread
1326,2015-06-07,1.64,Spread
1327,2015-06-14,1.6900000000000002,Spread
1328,2015-06-21,1.64,Spread
1329,2015-06-28,1.72,Spread
1330,2015-07-05,1.725,Spread
1331,2015-07-12,1.7099999999999997,Spread
1332,2015-07-19,1.714,Spread
1333,2015-07-26,1.6059999999999999,Spread
1334,2015-08-02,1.56,Spread
1335,2015-08-09,1.498,Spread
1336,2015-08-16,1.4780000000000002,Spread
1337,2015-08-23,1.432,Spread
1338,2015-08-30,1.4700000000000002,Spread
1339,2015-09-06,1.4620000000000002,Spread
1340,2015-09-13,1.4725000000000001,Spread
1341,2015-09-20,1.468,Spread
1342,2015-09-27,1.464,Spread
1343,2015-10-04,1.416,Spread
1344,2015-10-11,1.4540000000000002,Spread
1345,2015-10-18,1.425,Spread
1346,2015-10-25,1.422,Spread
1347,2015-11-01,1.406,Spread
1348,2015-11-08,1.424,Spread
1349,2015-11-15,1.4425,Spread
1350,2015-11-22,1.362,Spread
1351,2015-11-29,1.3050000000000002,Spread
1352,2015-12-06,1.2879999999999998,Spread
1353,2015-12-13,1.2840000000000003,Spread
1354,2015-12-20,1.26,Spread
1355,2015-12-27,1.2425000000000002,Spread
1356,2016-01-03,1.2149999999999999,Spread
1357,2016-01-10,1.2020000000000002,Spread
1358,2016-01-17,1.194,Spread
1359,2016-01-24,1.1775,Spread
1360,2016-01-31,1.168,Spread
1361,2016-02-07,1.1460000000000001,Spread
1362,2016-02-14,1.032,Spread
1363,2016-02-21,1.0375,Spread
1364,2016-02-28,0.984,Spread
1365,2016-03-06,0.982,Spread
1366,2016-03-13,0.992,Spread
1367,2016-03-20,1.028,Spread
1368,2016-03-27,1.0274999999999999,Spread
1369,2016-04-03,1.036,Spread
1370,2016-04-10,1.018,Spread
1371,2016-04-17,1.03,Spread
1372,2016-04-24,1.042,Spread
1373,2016-05-01,1.06,Spread
1374,2016-05-08,1.0539999999999998,Spread
1375,2016-05-15,1.006,Spread
1376,2016-05-22,0.958,Spread
1377,2016-05-29,0.9460000000000001,Spread
1378,2016-06-05,0.9400000000000001,Spread
1379,2016-06-12,0.9239999999999998,Spread
1380,2016-06-19,0.8940000000000001,Spread
1381,2016-06-26,0.942,Spread
1382,2016-07-03,0.8720000000000001,Spread
1383,2016-07-10,0.7975,Spread
1384,2016-07-17,0.8300000000000001,Spread
1385,2016-07-24,0.8720000000000001,Spread
1386,2016-07-31,0.812,Spread
1387,2016-08-07,0.868,Spread
1388,2016-08-14,0.8220000000000001,Spread
1389,2016-08-21,0.8200000000000001,Spread
1390,2016-08-28,0.796,Spread
1391,2016-09-04,0.78,Spread
1392,2016-09-11,0.8300000000000001,Spread
1393,2016-09-18,0.9299999999999999,Spread
1394,2016-09-25,0.8739999999999999,Spread
1395,2016-10-02,0.8240000000000001,Spread
1396,2016-10-09,0.8719999999999999,Spread
1397,2016-10-16,0.92,Spread
1398,2016-10-23,0.932,Spread
1399,2016-10-30,0.95,Spread
1400,2016-11-06,0.9960000000000001,Spread
1401,2016-11-13,1.105,Spread
1402,2016-11-20,1.236,Spread
1403,2016-11-27,1.2425,Spread
1404,2016-12-04,1.2559999999999998,Spread
1405,2016-12-11,1.274,Spread
1406,2016-12-18,1.31,Spread
1407,2016-12-25,1.3239999999999998,Spread
1408,2017-01-01,1.2650000000000001,Spread
1409,2017-01-08,1.2125000000000001,Spread
1410,2017-01-15,1.182,Spread
1411,2017-01-22,1.2125000000000001,Spread
1412,2017-01-29,1.2760000000000002,Spread
1413,2017-02-05,1.2680000000000002,Spread
1414,2017-02-12,1.22,Spread
1415,2017-02-19,1.2260000000000002,Spread
1416,2017-02-26,1.2,Spread
1417,2017-03-05,1.1620000000000001,Spread
1418,2017-03-12,1.208,Spread
1419,2017-03-19,1.19,Spread
1420,2017-03-26,1.15,Spread
1421,2017-04-02,1.126,Spread
1422,2017-04-09,1.1019999999999999,Spread
1423,2017-04-16,1.0575,Spread
1424,2017-04-23,1.028,Spread
1425,2017-04-30,1.0379999999999998,Spread
1426,2017-05-07,1.036,Spread
1427,2017-05-14,1.05,Spread
1428,2017-05-21,0.9879999999999999,Spread
1429,2017-05-28,0.962,Spread
1430,2017-06-04,0.9149999999999999,Spread
1431,2017-06-11,0.8560000000000001,Spread
1432,2017-06-18,0.828,Spread
1433,2017-06-25,0.8099999999999999,Spread
1434,2017-07-02,0.8620000000000001,Spread
1435,2017-07-09,0.9550000000000002,Spread
1436,2017-07-16,0.984,Spread
1437,2017-07-23,0.908,Spread
1438,2017-07-30,0.9339999999999998,Spread
1439,2017-08-06,0.9199999999999999,Spread
1440,2017-08-13,0.9,Spread
1441,2017-08-20,0.8879999999999999,Spread
1442,2017-08-27,0.8559999999999999,Spread
1443,2017-09-03,0.8099999999999999,Spread
1444,2017-09-10,0.7849999999999999,Spread
1445,2017-09-17,0.8300000000000001,Spread
1446,2017-09-24,0.8240000000000001,Spread
1447,2017-10-01,0.8260000000000002,Spread
1448,2017-10-08,0.852,Spread
1449,2017-10-15,0.8175,Spread
1450,2017-10-22,0.7619999999999999,Spread
1451,2017-10-29,0.8219999999999998,Spread
1452,2017-11-05,0.756,Spread
1453,2017-11-12,0.7,Spread
1454,2017-11-19,0.664,Spread
1455,2017-11-26,0.5899999999999999,Spread
1456,2017-12-03,0.598,Spread
1457,2017-12-10,0.5599999999999999,Spread
1458,2017-12-17,0.55,Spread
1459,2017-12-24,0.584,Spread
1460,2017-12-31,0.5275000000000001,Spread
1461,2018-01-07,0.5125000000000001,Spread
1462,2018-01-14,0.558,Spread
1463,2018-01-21,0.5450000000000002,Spread
1464,2018-01-28,0.5599999999999999,Spread
1465,2018-02-04,0.616,Spread
1466,2018-02-11,0.7140000000000001,Spread
1467,2018-02-18,0.7220000000000001,Spread
1468,2018-02-25,0.6525,Spread
1469,2018-03-04,0.6179999999999999,Spread
1470,2018-03-11,0.6299999999999999,Spread
1471,2018-03-18,0.56,Spread
1472,2018-03-25,0.55,Spread
1473,2018-04-01,0.5000000000000001,Spread
1474,2018-04-08,0.5060000000000001,Spread
1475,2018-04-15,0.476,Spread
1476,2018-04-22,0.45599999999999996,Spread
1477,2018-04-29,0.5059999999999998,Spread
1478,2018-05-06,0.4600000000000001,Spread
1479,2018-05-13,0.4480000000000001,Spread
1480,2018-05-20,0.502,Spread
1481,2018-05-27,0.4720000000000001,Spread
1482,2018-06-03,0.43000000000000005,Spread
1483,2018-06-10,0.43200000000000005,Spread
1484,2018-06-17,0.3960000000000001,Spread
1485,2018-06-24,0.352,Spread
1486,2018-07-01,0.328,Spread
1487,2018-07-08,0.29500000000000015,Spread
1488,2018-07-15,0.2660000000000001,Spread
1489,2018-07-22,0.2619999999999999,Spread
1490,2018-07-29,0.3,Spread
1491,2018-08-05,0.316,Spread
1492,2018-08-12,0.2859999999999999,Spread
1493,2018-08-19,0.2560000000000001,Spread
1494,2018-08-26,0.21599999999999991,Spread
1495,2018-09-02,0.21399999999999997,Spread
1496,2018-09-09,0.23749999999999982,Spread
1497,2018-09-16,0.2160000000000002,Spread
1498,2018-09-23,0.24799999999999994,Spread
1499,2018-09-30,0.24399999999999994,Spread
1500,2018-10-07,0.29399999999999993,Spread
1501,2018-10-14,0.31500000000000006,Spread
1502,2018-10-21,0.296,Spread
1503,2018-10-28,0.27400000000000013,Spread
1504,2018-11-04,0.2880000000000001,Spread
1505,2018-11-11,0.27000000000000013,Spread
1506,2018-11-18,0.25750000000000006,Spread
1507,2018-11-25,0.25749999999999995,Spread
1508,2018-12-02,0.22799999999999992,Spread
1509,2018-12-09,0.12750000000000006,Spread
1510,2018-12-16,0.14000000000000012,Spread
1511,2018-12-23,0.15,Spread
1512,2018-12-30,0.20000000000000018,Spread
1513,2019-01-06,0.1775,Spread
1514,2019-01-13,0.16800000000000015,Spread
1515,2019-01-20,0.1820000000000001,Spread
1516,2019-01-27,0.16499999999999992,Spread
1517,2019-02-03,0.17,Spread
1518,2019-02-10,0.18200000000000002,Spread
1519,2019-02-17,0.1660000000000001,Spread
1520,2019-02-24,0.15749999999999997,Spread
1521,2019-03-03,0.18600000000000003,Spread
1522,2019-03-10,0.1700000000000001,Spread
1523,2019-03-17,0.16399999999999978,Spread
1524,2019-03-24,0.13999999999999996,Spread
1525,2019-03-31,0.1620000000000001,Spread
1526,2019-04-07,0.172,Spread
1527,2019-04-14,0.16199999999999992,Spread
1528,2019-04-21,0.17999999999999994,Spread
1529,2019-04-28,0.21399999999999997,Spread
1530,2019-05-05,0.21999999999999992,Spread
1531,2019-05-12,0.19200000000000025,Spread
1532,2019-05-19,0.20799999999999982,Spread
1533,2019-05-26,0.17600000000000007,Spread
1534,2019-06-02,0.16250000000000003,Spread
1535,2019-06-09,0.252,Spread
1536,2019-06-16,0.24799999999999994,Spread
1537,2019-06-23,0.26199999999999984,Spread
1538,2019-06-30,0.2779999999999999,Spread
1539,2019-07-07,0.2049999999999999,Spread
1540,2019-07-14,0.2259999999999999,Spread
1541,2019-07-21,0.2539999999999999,Spread
1542,2019-07-28,0.2319999999999999,Spread
1543,2019-08-04,0.17200000000000001,Spread
1544,2019-08-11,0.12399999999999993,Spread
1545,2019-08-18,0.041999999999999996,Spread
1546,2019-08-25,0.03400000000000003,Spread
1547,2019-09-01,-0.020000000000000018,Spread
1548,2019-09-08,0.020000000000000018,Spread
1549,2019-09-15,0.06999999999999998,Spread
1550,2019-09-22,0.06400000000000006,Spread
1551,2019-09-29,0.046,Spread
1552,2019-10-06,0.10600000000000005,Spread
1553,2019-10-13,0.12200000000000007,Spread
1554,2019-10-20,0.16749999999999993,Spread
1555,2019-10-27,0.182,Spread
1556,2019-11-03,0.18400000000000002,Spread
1557,2019-11-10,0.22400000000000003,Spread
1558,2019-11-17,0.245,Spread
1559,2019-11-24,0.17999999999999994,Spread
1560,2019-12-01,0.15499999999999997,Spread
1561,2019-12-08,0.20999999999999996,Spread
1562,2019-12-15,0.20600000000000004,Spread
1563,2019-12-22,0.27599999999999997,Spread
1564,2019-12-29,0.2799999999999999,Spread
1565,2020-01-05,0.3074999999999999,Spread
1566,2020-01-12,0.278,Spread
1567,2020-01-19,0.246,Spread
1568,2020-01-26,0.23249999999999998,Spread
1569,2020-02-02,0.17800000000000007,Spread
1570,2020-02-09,0.19800000000000004,Spread
1571,2020-02-16,0.1780000000000001,Spread
1572,2020-02-23,0.13250000000000006,Spread
1573,2020-03-01,0.176,Spread
1574,2020-03-08,0.30000000000000004,Spread
1575,2020-03-15,0.31399999999999995,Spread
1576,2020-03-22,0.558,Spread
1577,2020-03-29,0.496,Spread
1578,2020-04-05,0.42400000000000004,Spread
1579,2020-04-12,0.4675,Spread
1580,2020-04-19,0.466,Spread
1581,2020-04-26,0.398,Spread
1582,2020-05-03,0.43200000000000005,Spread
1583,2020-05-10,0.5,Spread
1584,2020-05-17,0.502,Spread
1585,2020-05-24,0.52,Spread
1586,2020-05-31,0.505,Spread
1587,2020-06-07,0.5860000000000001,Spread
1588,2020-06-14,0.5740000000000001,Spread
1589,2020-06-21,0.528,Spread
1590,2020-06-28,0.508,Spread
1591,2020-07-05,0.505,Spread
1592,2020-07-12,0.496,Spread
1593,2020-07-19,0.48200000000000004,Spread
1594,2020-07-26,0.4539999999999999,Spread
1595,2020-08-02,0.45199999999999996,Spread
1596,2020-08-09,0.43600000000000005,Spread
1597,2020-08-16,0.5159999999999999,Spread
1598,2020-08-23,0.524,Spread
1599,2020-08-30,0.5519999999999999,Spread
1600,2020-09-06,0.546,Spread
1601,2020-09-13,0.55,Spread
1602,2020-09-20,0.55,Spread
1603,2020-09-27,0.54,Spread
1604,2020-10-04,0.55,Spread
1605,2020-10-11,0.638,Spread
1606,2020-10-18,0.5974999999999999,Spread
1607,2020-10-25,0.6719999999999999,Spread
1608,2020-11-01,0.6679999999999999,Spread
1609,2020-11-08,0.6799999999999999,Spread
1610,2020-11-15,0.7525,Spread
1611,2020-11-22,0.696,Spread
1612,2020-11-29,0.7024999999999999,Spread
1613,2020-12-06,0.758,Spread
1614,2020-12-13,0.788,Spread
1615,2020-12-20,0.8,Spread
1616,2020-12-27,0.815,Spread
1617,2021-01-03,0.81,Spread
1618,2021-01-10,0.8960000000000001,Spread
1619,2021-01-17,0.9899999999999999,Spread
1620,2021-01-24,0.9725000000000001,Spread
1621,2021-01-31,0.9460000000000001,Spread
1622,2021-02-07,1.034,Spread
1623,2021-02-14,1.0659999999999998,Spread
1624,2021-02-21,1.19,Spread
1625,2021-02-28,1.2899999999999998,Spread
1626,2021-03-07,1.3519999999999999,Spread
1627,2021-03-14,1.4140000000000001,Spread
1628,2021-03-21,1.516,Spread
1629,2021-03-28,1.504,Spread
1630,2021-04-04,1.558,Spread
1631,2021-04-11,1.52,Spread
1632,2021-04-18,1.4600000000000002,Spread
1633,2021-04-25,1.4260000000000002,Spread
1634,2021-05-02,1.46,Spread
1635,2021-05-09,1.4460000000000002,Spread
1636,2021-05-16,1.49,Spread
1637,2021-05-23,1.484,Spread
1638,2021-05-30,1.4440000000000002,Spread
1639,2021-06-06,1.4525000000000001,Spread
1640,2021-06-13,1.352,Spread
1641,2021-06-20,1.308,Spread
1642,2021-06-27,1.238,Spread
1643,2021-07-04,1.218,Spread
1644,2021-07-11,1.1275000000000002,Spread
1645,2021-07-18,1.1179999999999999,Spread
1646,2021-07-25,1.048,Spread
1647,2021-08-01,1.062,Spread
1648,2021-08-08,1.038,Spread
1649,2021-08-15,1.106,Spread
1650,2021-08-22,1.034,Spread
1651,2021-08-29,1.074,Spread
1652,2021-09-05,1.102,Spread
1653,2021-09-12,1.12,Spread
1654,2021-09-19,1.108,Spread
1655,2021-09-26,1.116,Spread
1656,2021-10-03,1.22,Spread
1657,2021-10-10,1.252,Spread
1658,2021-10-17,1.1925000000000001,Spread
1659,2021-10-24,1.21,Spread
1660,2021-10-31,1.1019999999999999,Spread
1661,2021-11-07,1.098,Spread
1662,2021-11-14,1.0525,Spread
1663,2021-11-21,1.0719999999999998,Spread
1664,2021-11-28,1.0125,Spread
1665,2021-12-05,0.8699999999999999,Spread
1666,2021-12-12,0.8,Spread
1667,2021-12-19,0.7719999999999999,Spread
1668,2021-12-26,0.7825,Spread
1669,2022-01-02,0.77,Spread
1670,2022-01-09,0.8719999999999999,Spread
1671,2022-01-16,0.8219999999999998,Spread
1672,2022-01-23,0.7725,Spread
1673,2022-01-30,0.7000000000000001,Spread
1674,2022-02-06,0.6220000000000001,Spread
1675,2022-02-13,0.5299999999999999,Spread
1676,2022-02-20,0.4619999999999999,Spread
1677,2022-02-27,0.4074999999999999,Spread
1678,2022-03-06,0.34600000000000003,Spread
1679,2022-03-13,0.24600000000000005,Spread
1680,2022-03-20,0.24800000000000005,Spread
1681,2022-03-27,0.1919999999999999,Spread
1682,2022-04-03,0.040000000000000036,Spread
1683,2022-04-10,0.10200000000000005,Spread
1684,2022-04-17,0.3275,Spread
1685,2022-04-24,0.27199999999999996,Spread
1686,2022-05-01,0.21200000000000002,Spread
1687,2022-05-08,0.2920000000000001,Spread
1688,2022-05-15,0.332,Spread
1689,2022-05-22,0.2339999999999999,Spread
1690,2022-05-29,0.25999999999999995,Spread
1691,2022-06-05,0.2925,Spread
1692,2022-06-12,0.21799999999999997,Spread
1693,2022-06-19,0.08399999999999999,Spread
1694,2022-06-26,0.09250000000000003,Spread
1695,2022-07-03,0.07200000000000006,Spread
1696,2022-07-10,-0.022500000000000075,Spread
1697,2022-07-17,-0.15199999999999977,Spread
1698,2022-07-24,-0.20400000000000001,Spread
1699,2022-07-31,-0.19400000000000003,Spread
1700,2022-08-07,-0.348,Spread
1701,2022-08-14,-0.42800000000000005,Spread
1702,2022-08-21,-0.36800000000000005,Spread
1703,2022-08-28,-0.28600000000000014,Spread
1704,2022-09-04,-0.27999999999999997,Spread
1705,2022-09-11,-0.1925,Spread
1706,2022-09-18,-0.3459999999999999,Spread
1707,2022-09-25,-0.45600000000000007,Spread
1708,2022-10-02,-0.3719999999999999,Spread
1709,2022-10-09,-0.42600000000000005,Spread
1710,2022-10-16,-0.42999999999999994,Spread
1711,2022-10-23,-0.3840000000000002,Spread
1712,2022-10-30,-0.33000000000000007,Spread
1713,2022-11-06,-0.4900000000000002,Spread
1714,2022-11-13,-0.5100000000000001,Spread
1715,2022-11-20,-0.624,Spread
1716,2022-11-27,-0.7125,Spread
1717,2022-12-04,-0.7380000000000002,Spread
1718,2022-12-11,-0.8140000000000001,Spread
1719,2022-12-18,-0.7420000000000001,Spread
1720,2022-12-25,-0.58,Spread
1721,2023-01-01,-0.48750000000000004,Spread
1722,2023-01-08,-0.6775000000000003,Spread
1723,2023-01-15,-0.6740000000000002,Spread
1724,2023-01-22,-0.6749999999999997,Spread
1725,2023-01-29,-0.6700000000000002,Spread
1726,2023-02-05,-0.71,Spread
1727,2023-02-12,-0.8000000000000002,Spread
1728,2023-02-19,-0.7959999999999998,Spread
1729,2023-02-26,-0.765,Spread
1730,2023-03-05,-0.866,Spread
1731,2023-03-12,-0.9759999999999998,Spread
1732,2023-03-19,-0.4920000000000001,Spread
1733,2023-03-26,-0.4539999999999999,Spread
1734,2023-04-02,-0.5039999999999999,Spread
1735,2023-04-09,-0.524,Spread
1736,2023-04-16,-0.5599999999999999,Spread
