name;open;high;low;close;volume;marketCap;timestamp
2781;0.99962877;1.00645353;0.98790167;1.00080809;31634919.13;23567691;""2020-11-30T00:00:00.000Z"""
"2781;1.00086418;1.00258062;0.9925069;0.99843893;41902597.18;23511900.46;""2020-12-07T00:00:00.000Z"""
"2781;0.99869722;1.00212483;0.98763175;0.99740195;49405090.72;150122339.93;""2020-12-14T00:00:00.000Z"""
"2781;0.99702623;1.00279786;0.93376418;0.99972133;91565420.11;163677411.27;""2020-12-21T00:00:00.000Z"""
"2781;0.99920879;1.00775652;0.79285628;0.99892929;59738519.86;182900503.1;""2020-12-28T00:00:00.000Z"""
"2781;0.99914458;1.0266318;0.98445755;1.00197159;91021368.76;185441479.15;""2021-01-04T00:00:00.000Z"""
"2781;1.00193085;1.03922042;0.9732991;0.99973205;124483651.98;194263758.88;""2021-01-11T00:00:00.000Z"""
"2781;0.99915035;1.00508465;0.98637255;0.99887776;106722123.75;222962466.79;""2021-01-18T00:00:00.000Z"""
"2781;0.99900127;1.04679;0.99339289;1.04208541;1243188566.66;271953428.83;""2021-01-25T00:00:00.000Z"""
"2781;1.04232165;1.04634986;0.99255995;1.0077177;256654208.79;260828504.24;""2021-02-01T00:00:00.000Z"""
"2781;1.00633677;1.01615783;0.97465243;1.00011128;287705637.53;421622896.3;""2021-02-08T00:00:00.000Z"""
"2781;0.99959658;1.00337869;0.96295152;1.00131125;306111636.62;556392557.98;""2021-02-15T00:00:00.000Z"""
"2781;1.00155532;1.00344929;0.97385032;1.00128955;323980872.59;694529695.29;""2021-02-22T00:00:00.000Z"""
"2781;1.00058539;1.00609455;0.98971396;1.00029976;237727919.69;782452785.2;""2021-03-01T00:00:00.000Z"""
"2781;1.00078045;1.01030035;0.99349903;1.00004841;305890483.17;1029964794;""2021-03-08T00:00:00.000Z"""
"2781;1.00093028;1.02487489;0.98963769;1.00216977;563522730.97;1338042502.81;""2021-03-15T00:00:00.000Z"""
"2781;1.00241687;1.00563093;0.99818325;1.002521;377193333.74;1553880831.66;""2021-03-22T00:00:00.000Z"""
"2781;1.00248441;1.01267703;0.99754026;1.00304979;303057318.61;1684654590.61;""2021-03-29T00:00:00.000Z"""
"2781;1.0032339;1.00618039;0.98695815;1.00029275;351308138.33;1752065806.17;""2021-04-05T00:00:00.000Z"""
"2781;1.00025963;1.0245074;0.99010012;0.99632065;339994535.75;1802137211.82;""2021-04-12T00:00:00.000Z"""
"2781;0.99672642;1.02666906;0.9851929;0.99869117;447624316.53;1865331282.14;""2021-04-19T00:00:00.000Z"""
"2781;0.99888591;1.00913066;0.99596703;0.99996984;297184804.59;1972385697.45;""2021-04-26T00:00:00.000Z"""
"2781;1.0000516;1.02841379;0.99259121;1.0014606;360113957.49;2054405163.23;""2021-05-03T00:00:00.000Z"""
"2781;1.00122797;1.00504522;0.99213978;0.99771785;390905318.39;2092473129.58;""2021-05-10T00:00:00.000Z"""
"2781;0.99729769;1.00950965;0.91855463;0.94569207;869418282.84;1956795841.86;""2021-05-17T00:00:00.000Z"""
"2781;0.94580921;1.01454522;0.94454116;0.9994029;573102618.45;1956094379.95;""2021-05-24T00:00:00.000Z"""
"2781;0.99950053;1.01358125;0.98083816;1.00110037;180625922.44;1917817075.46;""2021-05-31T00:00:00.000Z"""
"2781;1.00077313;1.00396911;0.99501986;0.99992054;157994170.84;1903558242.82;""2021-06-07T00:00:00.000Z"""
"2781;0.99984255;1.02702073;0.99142215;1.00208586;263430120.79;1913781916.51;""2021-06-14T00:00:00.000Z"""
"2781;1.00124473;1.01773241;0.98706854;1.0010284;251445771.07;1908625499.16;""2021-06-21T00:00:00.000Z"""
"2781;1.00102265;1.00190759;0.99846538;0.99965321;170917627.4;1924816927.22;""2021-06-28T00:00:00.000Z"""
"2781;0.99984929;1.00374362;0.99626442;1.00065296;222687786.04;1930963778.26;""2021-07-05T00:00:00.000Z"""
"2781;1.00085192;1.00456774;0.99688692;1.00071642;212798330.96;2012592416.67;""2021-07-12T00:00:00.000Z"""
"2781;1.00125376;1.00365259;0.99890378;1.00168103;161903889.93;2027522744.47;""2021-07-19T00:00:00.000Z"""
"2781;1.00171163;1.00532491;0.99677278;1.00087896;377841112.73;2041490606.19;""2021-07-26T00:00:00.000Z"""
"2781;1.00032942;1.00691268;0.99769229;1.00135572;347147794;2064602407.17;""2021-08-02T00:00:00.000Z"""
"2781;1.00213829;1.00888456;0.99877006;1.00410661;359700843.6;2113104465.2;""2021-08-09T00:00:00.000Z"""
"2781;1.0045283;1.01477429;0.99782693;1.00445391;691825019.49;2300041277.06;""2021-08-16T00:00:00.000Z"""
"2781;1.00485792;1.01027715;0.9951494;1.00124158;593342883.09;2361574032.44;""2021-08-23T00:00:00.000Z"""
"2781;1.00164225;1.00531564;0.99681568;0.99958705;458181241.91;2441393476.92;""2021-08-30T00:00:00.000Z"""
"2781;0.99960158;1.02051982;0.98689256;1.00363451;1075178308.13;2558478691.45;""2021-09-06T00:00:00.000Z"""
"2781;1.00307648;1.0121491941;0.9971965082;1.0047470736;879105862.09;2616126499.09;""2021-09-13T00:00:00.000Z"""
"2781;1.0049053334;1.0115720834;0.9925815594;1.0026139448;840110163.96;2663459678.29;""2021-09-20T00:00:00.000Z"""
"2781;1.0015781763;1.0073166982;0.9969256928;1.0028083066;553256944.11;2679938223.78;""2021-09-27T00:00:00.000Z"""
"2781;1.0033187211;1.0083364888;0.9945500345;1.0002149493;590319112.18;2721676031.86;""2021-10-04T00:00:00.000Z"""
"2781;1.0002554449;1.0076803956;0.9962364117;1.0019318663;418802508.72;2735863672.03;""2021-10-11T00:00:00.000Z"""
"2781;1.0020351766;1.006624632;0.9978045121;1.002042446;515899861.65;2751085291.39;""2021-10-18T00:00:00.000Z"""
"2781;1.001896825;1.0065527319;0.9960864244;1.0023062946;708648024.69;2789856661.55;""2021-10-25T00:00:00.000Z"""
"2781;1.0021498108;1.0091461979;0.9992864979;1.0033006071;682121166.64;2875855888.98;""2021-11-01T00:00:00.000Z"""
"2781;1.0031466968;1.0364803797;0.9800872538;1.0067272363;724552236.5;4997330751.31;""2021-11-08T00:00:00.000Z"""
"2781;1.0067498457;1.040884904;0.9761278008;1.0019926598;850720225.16;7180575046.53;""2021-11-15T00:00:00.000Z"""
"2781;1.0021665407;1.0069613509;0.9670553341;1.0017361157;775104793.26;7465568837.51;""2021-11-22T00:00:00.000Z"""
"2781;1.0015762287;1.0116101484;0.9914064955;1.0012905513;1575977656.8;8141621671.3;""2021-11-29T00:00:00.000Z"""
"2781;1.0011006824;1.0056242964;0.9972348473;1.0016912899;1233147073.55;8678717601.59;""2021-12-06T00:00:00.000Z"""
"2781;1.0007052644;1.007293772;0.9983394832;1.0017230978;1077108281.58;8983247661.21;""2021-12-13T00:00:00.000Z"""
"2781;1.0016939598;1.0084604764;0.9970297874;1.0020902998;1308841076.59;9952448734.27;""2021-12-20T00:00:00.000Z"""
"2781;1.002184269;1.0035037664;0.9982286692;1.0009960124;912982982.15;10138860625.02;""2021-12-27T00:00:00.000Z"""
"2781;1.0009734334;1.0077458895;0.9951015226;0.9968495452;1614245269.45;10409928845.71;""2022-01-03T00:00:00.000Z"""
"2781;0.9968705852;1.0087403333;0.9944366349;0.9999960971;1421508276.62;10683764539.78;""2022-01-10T00:00:00.000Z"""
"2781;1.0000608391;1.0078002273;0.9939284289;1.0000401389;2863342879.5;11095466743.11;""2022-01-17T00:00:00.000Z"""
"2781;1.000006793;1.0061473201;0.9885030652;0.9997874459;6206891985.34;11263690537.38;""2022-01-24T00:00:00.000Z"""
"2781;0.9998629581;1.0048686902;0.9950063214;1.0022399885;1904345211.78;11299508167.99;""2022-01-31T00:00:00.000Z"""
"2781;1.0022087908;1.0060824207;0.9973132255;1.0016955565;2004845686.03;11501488897.17;""2022-02-07T00:00:00.000Z"""
"2781;1.0019336984;1.0079214168;0.9952932896;1.0003686232;2419627852.61;12073172506.85;""2022-02-14T00:00:00.000Z"""
"2781;1.0002384471;1.0150341802;0.9910138303;1.0039139117;3608306459.39;12872208310.72;""2022-02-21T00:00:00.000Z"""
"2781;1.0039294028;1.0098487551;0.9982825214;1.0038029443;4213557411.75;13742731104.61;""2022-02-28T00:00:00.000Z"""
"2781;1.0037039361;1.0131145105;0.9753916741;1.0029407464;3857429248.06;14658438075.21;""2022-03-07T00:00:00.000Z"""
"2781;1.0029768036;1.0060580128;0.9994852811;1.0037573009;3415026962.24;15439586892.3;""2022-03-14T00:00:00.000Z"""
"2781;1.0038071514;1.0064981725;0.9977395459;0.9993304662;3188175106.19;16173236211.67;""2022-03-21T00:00:00.000Z"""
"2781;0.999455458;1.0030803038;0.997431111;0.9999548162;3580293927.25;16556192139.43;""2022-03-28T00:00:00.000Z"""
"2781;0.9998861778;1.0030675422;0.9962660744;1.0001375445;3777326625.88;16726897758.82;""2022-04-04T00:00:00.000Z"""
"2781;1.0004177623;1.0030495847;0.9995514535;1.0013975156;3217615353.58;17458956520.31;""2022-04-11T00:00:00.000Z"""
"2781;1.0015659434;1.00372106;0.9992768738;1.0013720466;3408846678.46;18170083022.69;""2022-04-18T00:00:00.000Z"""
"2781;1.0011705868;1.0032164225;0.9975550383;1.001649225;4202862633.19;18562618479.69;""2022-04-25T00:00:00.000Z"""
"2781;1.0015663983;1.0033273897;0.9905025779;0.9964005505;6384103081.79;18644841335.34;""2022-05-02T00:00:00.000Z"""
"2781;0.9954269124;0.999014246;0.1331373446;0.1766571167;26785473369.32;1992612012.08;""2022-05-09T00:00:00.000Z"""
"2781;0.1766446508;0.3141554762;0.0508638896;0.0642898776;1112542981.1;725122408.94;""2022-05-16T00:00:00.000Z"""
"2781;0.064276794;0.5347333264;0.0184634112;0.0267680354;505627151.38;301915372.03;""2022-05-23T00:00:00.000Z"""
"2781;0.026766207;0.0330076847;0.0145408971;0.0158962334;159711723.96;163005329.78;""2022-05-30T00:00:00.000Z"""
"2781;0.0158944903;0.0172657237;0.00808803300816;0.00982210315306;123029613.83;100719132.3;""2022-06-06T00:00:00.000Z"""
"2781;0.00981927682434;0.00981927682434;0.00621758715353;0.00810706484103;101703590.8;83132508.47;""2022-06-13T00:00:00.000Z"""
"2781;0.00811116624306;0.0236279091;0.00772661586544;0.0231807375;108497780.21;237702686.32;""2022-06-20T00:00:00.000Z"""
"2781;0.0231901309;0.0896611345;0.0142250568;0.0656049807;1320714554.48;672734752.86;""2022-06-27T00:00:00.000Z"""
"2781;0.0656216578;0.0682538457;0.0478088991;0.0511810872;325845725.77;502365552.34;""2022-07-04T00:00:00.000Z"""
"2781;0.0511916698;0.0525159263;0.0342105616;0.0432550146;223360658.64;424567690.54;""2022-07-11T00:00:00.000Z"""
"2781;0.0432515774;0.0468751171;0.0361661705;0.0371742613;134406792.44;364883559.92;""2022-07-18T00:00:00.000Z"""
"2781;0.0371742014;0.0416884071;0.0329198762;0.0349566294;120466955.2;343116500.35;""2022-07-25T00:00:00.000Z"""
"2781;0.0349353022;0.0392244693;0.0319844627;0.0323086187;74524470.74;317124985.58;""2022-08-01T00:00:00.000Z"""
"2781;0.0323103594;0.0326506151;0.0264856278;0.0285549749;70270275.49;280281128.84;""2022-08-08T00:00:00.000Z"""
"2781;0.0285542231;0.0287171355;0.0219643747;0.0226188851;82979529.14;222015484.13;""2022-08-15T00:00:00.000Z"""
"2781;0.0226208804;0.0323656951;0.0219073961;0.0242275776;116622144.2;237805610.65;""2022-08-22T00:00:00.000Z"""
"2781;0.0242290698;0.041080097;0.0240243448;0.0301224151;454895150.08;295666289.65;""2022-08-29T00:00:00.000Z"""
"2781;0.0301256611;0.0675190501;0.0299817198;0.0517399833;1599675708.95;507854389.01;""2022-09-05T00:00:00.000Z"""
"2781;0.051779252;0.053786985;0.0291017179;0.0292543062;467198342.82;287145411.77;""2022-09-12T00:00:00.000Z"""
"2781;0.0292924414;0.0368240397;0.0278206834;0.0283211077;270169170.42;278017279.51;""2022-09-19T00:00:00.000Z"""
"2781;0.0283232245;0.0342072;0.0264522393;0.0320615631;307815866.21;314696579.27;""2022-09-26T00:00:00.000Z"""
"2781;0.0320784959;0.0363019478;0.0289404451;0.0343124708;151122142.1;336752483.11;""2022-10-03T00:00:00.000Z"""
"2781;0.0343242143;0.0620981675;0.0330450823;0.0376721653;1501286423.95;369546471.93;""2022-10-10T00:00:00.000Z"""
"2781;0.0376690267;0.0416119669;0.0342320157;0.0380776158;370534454.9;373489091;""2022-10-17T00:00:00.000Z"""
"2781;0.0381112896;0.0465002947;0.0361160667;0.03949066;340767182.25;387331354.45;""2022-10-24T00:00:00.000Z"""
"2781;0.0394902037;0.0395497933;0.0347157387;0.0369353549;212242821.9;362261879.9;""2022-10-31T00:00:00.000Z"""
"2781;0.0369963843;0.0370216595;0.022928753;0.0230563047;268722449.57;226123700.35;""2022-11-07T00:00:00.000Z"""
"2781;0.0230746333;0.0244652523;0.0207405465;0.0212143826;232313144.2;208044307.02;""2022-11-14T00:00:00.000Z"""
"2781;0.0212396136;0.0223929525;0.0188561766;0.0209300424;195698550.75;205236721.98;""2022-11-21T00:00:00.000Z"""
"2781;0.0209292534;0.0234313869;0.0199498351;0.0221940087;125696662.22;217624417.11;""2022-11-28T00:00:00.000Z"""
"2781;0.0222005706;0.0258394385;0.020586409;0.0240936637;215606272.56;236241644.96;""2022-12-05T00:00:00.000Z"""
"2781;0.0240853541;0.0270431695;0.0207064907;0.0210376967;144906805.42;206260966.08;""2022-12-12T00:00:00.000Z"""
"2781;0.0210394728;0.0217795716;0.019550629;0.0210377864;69276962.1;206253861;""2022-12-19T00:00:00.000Z"""
"2781;0.0209578595;0.0235863881;0.019649189;0.0201629047;140794163.71;197660853.38;""2022-12-26T00:00:00.000Z"""
"2781;0.0201610639;0.0212421715;0.0198292786;0.0204024888;42295393.66;200004072.33;""2023-01-02T00:00:00.000Z"""
"2781;0.0203769937;0.0266565363;0.0203727439;0.0259642851;147470875.21;254517127.27;""2023-01-09T00:00:00.000Z"""
"2781;0.0259675422;0.0268502639;0.0211217525;0.0230556415;116901094.29;225994096.28;""2023-01-16T00:00:00.000Z"""
"2781;0.0230591222;0.0234145234;0.021324468;0.0222116343;69318201.79;217714951.36;""2023-01-23T00:00:00.000Z"""
"2781;0.0222099018;0.0421340737;0.0211103895;0.0327123524;721548202.29;320594433.23;""2023-01-30T00:00:00.000Z"""
"2781;0.0327291953;0.0344545305;0.0240679531;0.0263637856;328483017.34;258358401.05;""2023-02-06T00:00:00.000Z"""
"2781;0.026380363;0.0343008077;0.0263314149;0.0280786855;375386646.88;275150866.35;""2023-02-13T00:00:00.000Z"""
"2781;0.0280859598;0.0294062273;0.0260842025;0.0283442469;201916381.88;277739075.54;""2023-02-20T00:00:00.000Z"""
"2781;0.0283509536;0.0283572306;0.0237474404;0.0240125829;109468245.27;235287284.87;""2023-02-27T00:00:00.000Z"""
"2781;0.0240080445;0.0248691983;0.0213810619;0.0229243696;147018597.14;224610987.38;""2023-03-06T00:00:00.000Z"""
"2781;0.0229260673;0.0246542566;0.0218726222;0.0235010274;117784182.76;230249509.11;""2023-03-13T00:00:00.000Z"""
"2781;0.0234920885;0.0239842865;0.0203263632;0.0224384269;126187661.91;219829254.5;""2023-03-20T00:00:00.000Z"""
"2781;0.0224392108;0.0224587783;0.0208737837;0.0212021753;65402117.51;207774439.68;""2023-03-27T00:00:00.000Z"""
"2781;0.0212020388;0.0222290181;0.0207219256;0.0216048476;66810771.2;211708311.69;""2023-04-03T00:00:00.000Z"""
"2781;0.0216050836;0.0233471398;0.0212791174;0.0226698094;129629972.02;222126009.73;""2023-04-10T00:00:00.000Z"""
"2781;0.0226673674;0.0227803506;0.0193195479;0.0196867427;95339620.96;192892841.3;""2023-04-17T00:00:00.000Z"""
"2781;0.0196894587;0.0221979747;0.0185251815;0.0205674456;125702093.97;201517261.49;""2023-04-24T00:00:00.000Z"""
"2781;0.0205701905;0.0205701905;0.0175339945;0.0176078965;68640699.84;172515609.06;""2023-05-01T00:00:00.000Z"""
"2781;0.0176039822;0.017728952;0.0141115576;0.0150711947;85742719.45;147656458.39;""2023-05-08T00:00:00.000Z"""
"2781;0.0150700744;0.0156225289;0.0146558228;0.0147424904;39344441.84;144433282.03;""2023-05-15T00:00:00.000Z"""
"2781;0.0147416962;0.0147767723;0.0138615511;0.014465523;32214132.69;141715871.47;""2023-05-22T00:00:00.000Z"""
"2781;0.0144646198;0.0159780705;0.0131838132;0.0154516848;63068494.03;151364988.86;""2023-05-29T00:00:00.000Z"""
"2781;0.0154508706;0.0154508706;0.0104848425;0.0108430945;64774426.59;106210503.56;""2023-06-05T00:00:00.000Z"""
"2781;0.010843205;0.0130967811;0.0104053936;0.0117247779;61080034.93;114839566.49;""2023-06-12T00:00:00.000Z"""
"2781;0.0117250716;0.0129069893;0.0116305243;0.0123889914;36276053.9;121342075.35;""2023-06-19T00:00:00.000Z"""
"2781;0.0123829504;0.0144139488;0.0117556502;0.0124951218;60649873.55;122372689.68;""2023-06-26T00:00:00.000Z"""
"2781;0.01249447;0.0137019169;0.011741268;0.0118511092;35520404.47;116061308.61;""2023-07-03T00:00:00.000Z"""
"2781;0.0118483977;0.0195558053;0.0115973593;0.0185001833;257849603.92;181152600.86;""2023-07-10T00:00:00.000Z"""
"2781;0.0184843821;0.0192362503;0.0154578498;0.0170451214;211176674.82;166895738.43;""2023-07-17T00:00:00.000Z"""
"2781;0.0170432748;0.017092995;0.0151651244;0.0154090043;59223973.6;150869988.14;""2023-07-24T00:00:00.000Z"""
"2781;0.0154083491;0.0161558272;0.0141730264;0.0151801939;109792857.34;148622741.17;""2023-07-31T00:00:00.000Z"""
"2781;0.0151766999;0.0159850866;0.0146206072;0.0148503087;79363925.97;145387123.83;""2023-08-07T00:00:00.000Z"""
"2781;0.0148494418;0.0156851374;0.0116472207;0.0134473391;75111604.87;131644955.46;""2023-08-14T00:00:00.000Z"""
"2781;0.0134485327;0.013458498;0.0122921786;0.0124516008;47134948.34;121892073.41;""2023-08-21T00:00:00.000Z"""
"2781;0.012450829;0.0127609189;0.0116554553;0.0117666812;47882510.81;115184631.93;""2023-08-28T00:00:00.000Z"""
"2781;0.0117666776;0.0142325493;0.0116903279;0.0127558508;74159140.44;124858803.56;""2023-09-04T00:00:00.000Z"""
"2781;0.012752922;0.0127843687;0.0118435436;0.0122539597;53586625.62;119943096.04;""2023-09-11T00:00:00.000Z"""
"2781;0.0122539824;0.0131247601;0.012129781;0.0125891197;54969742.29;123219180.58;""2023-09-18T00:00:00.000Z"""
"2781;0.0125925397;0.0136434416;0.0124877808;0.0130231235;44430420.17;127460709.89;""2023-09-25T00:00:00.000Z"""
"2781;0.0130223343;0.0131547612;0.0117712603;0.0118381549;27061348.62;115860492.73;""2023-10-02T00:00:00.000Z"""
"2781;0.0118375845;0.0118842228;0.010936094;0.011524947;24530852.49;112791632.71;""2023-10-09T00:00:00.000Z"""
"2781;0.0115251973;0.011742388;0.0106545399;0.0113526932;28657829.5;111101680.71;""2023-10-16T00:00:00.000Z"""
"2781;0.0113580196;0.0132657914;0.0112346181;0.01217821;51650804.66;109422744.22;""2023-10-23T00:00:00.000Z"""
"2781;0.0121784949;0.0122617678;0.0112598565;0.0116205648;36591135.03;104405880.2;""2023-10-30T00:00:00.000Z"""
"2781;0.0116192281;0.0170716469;0.0114473965;0.0144757576;154043983.06;130040878.28;""2023-11-06T00:00:00.000Z"""
"2781;0.0144752683;0.0147682331;0.0126423297;0.0132766712;52653506.53;119240106.42;""2023-11-13T00:00:00.000Z"""
"2781;0.013277632;0.0420683743;0.0125297148;0.040393316;664135790.35;362676144.09;""2023-11-20T00:00:00.000Z"""
"2781;0.0403771479;0.0758082877;0.0314720798;0.0615694184;3737955141.27;552622097.79;""2023-11-27T00:00:00.000Z"""
"2781;0.0615389385;0.0672581213;0.0409301373;0.0484098153;1237550715.57;434438930.3;""2023-12-04T00:00:00.000Z"""
"2781;0.0484632379;0.0492392884;0.035569377;0.0357977358;447357052.54;321214247.4;""2023-12-11T00:00:00.000Z"""
"2781;0.0358384646;0.0408881246;0.0314598377;0.0341819483;365691254.45;306704398.66;""2023-12-18T00:00:00.000Z"""
"2781;0.0341792464;0.0382954266;0.0313766552;0.0329946545;277930172.92;296034400.92;""2023-12-25T00:00:00.000Z"""
"2781;0.0329938654;0.0353708611;0.0244242528;0.0246212926;278998380.46;220896983.23;""2024-01-01T00:00:00.000Z"""
"2781;0.024620613;0.0308340655;0.0228471013;0.0267023981;226656270.97;239552410.46;""2024-01-08T00:00:00.000Z"""
"2781;0.026695946;0.0327769322;0.025754629;0.0263861851;289091474.71;236707658.58;""2024-01-15T00:00:00.000Z"""
"2781;0.0263949614;0.0271289411;0.0222223822;0.0259285532;128045365.99;232596403.4;""2024-01-22T00:00:00.000Z"""
"2781;0.0259321919;0.026811376;0.0235968936;0.0252802193;100463550.89;226759034.71;""2024-01-29T00:00:00.000Z"""
"2781;0.025281264;0.0279659962;0.0248410386;0.026158256;83634005.91;234625000.86;""2024-02-05T00:00:00.000Z"""
"2781;0.0261610822;0.0383604992;0.0251958423;0.0315312401;427856404.65;282799000.79;""2024-02-12T00:00:00.000Z"""
"2781;0.031531553;0.0410679078;0.028522499;0.0386972657;413331897.95;347053593.09;""2024-02-19T00:00:00.000Z"""
"2781;0.0386628812;0.0427605272;0.0323700574;0.0370927308;616852932.93;332391476.38;""2024-02-26T00:00:00.000Z"""
"2781;0.0370682518;0.0451194244;0.0316231312;0.0346164036;580817811.11;310162716.27;""2024-03-04T00:00:00.000Z"""
"2781;0.0346167403;0.0366297815;0.0273973369;0.0293733416;253255395.54;263027849.16;""2024-03-11T00:00:00.000Z"""
"2781;0.0293790393;0.0305811674;0.0240632846;0.0300083846;221783083.74;268687761.28;""2024-03-18T00:00:00.000Z"""
"2781;0.0300083846;0.031213444;0.0277816625;0.0287259097;130559564.73;257191146.77;""2024-03-25T00:00:00.000Z"""
"2781;0.0287258373;0.0289570928;0.0243783629;0.0261712319;80865857.8;234280688.31;""2024-04-01T00:00:00.000Z"""
"2781;0.0261712319;0.0271304941;0.0142307763;0.0177292755;188176310.67;158687649.76;""2024-04-08T00:00:00.000Z"""
"2781;0.0177292755;0.0220722903;0.0160461112;0.0196619719;181020638.28;175977759.27;""2024-04-15T00:00:00.000Z"""
"2781;0.0196616445;0.0204350002;0.01813904;0.0189823816;133433974.13;169891897.56;""2024-04-22T00:00:00.000Z"""
"2781;0.0189823816;0.0230122163;0.0163802511;0.0221873559;167860854.12;198568123.37;""2024-04-29T00:00:00.000Z"""
"2781;0.0221873418;0.02674864;0.0204298333;0.0234080816;336101008.11;159569087.19;""2024-05-06T00:00:00.000Z"""
"2781;0.0234080816;0.0238941596;0.0208293342;0.0211316579;82634069.67;144046142.18;""2024-05-13T00:00:00.000Z"""
"2781;0.0211316579;0.0251289912;0.0209050285;0.0222012681;86298430.5;151332167.06;""2024-05-20T00:00:00.000Z"""
"2781;0.0222012681;0.0269368976;0.0215186148;0.0229863284;128726466.07;156668844.21;""2024-05-27T00:00:00.000Z"""
"2781;0.022986453;0.0268223321;0.0205050222;0.0220863067;112499828.93;150525770.8;""2024-06-03T00:00:00.000Z"""
"2781;0.0220792305;0.0220943263;0.0177968688;0.0216268146;114190691.9;133036335.24;""2024-06-10T00:00:00.000Z"""
"2781;0.0216247865;0.0231815188;0.015728402;0.0169487277;191096928.35;97486761.89;""2024-06-17T00:00:00.000Z"""
"2781;0.0169487123;0.0184173283;0.0164117504;0.0180236651;93738558.79;100857632.07;""2024-06-24T00:00:00.000Z"""
"2781;0.0180247637;0.0183520716;0.0128007517;0.0150070686;96204726.93;83740148.45;""2024-07-01T00:00:00.000Z"""
"2781;0.0150037157;0.0169166269;0.0143557671;0.0166025983;65510699.26;92641101.45;""2024-07-08T00:00:00.000Z"""
"2781;0.0166040747;0.0224239012;0.0166040747;0.0203929205;172831646.66;113782888.43;""2024-07-15T00:00:00.000Z"""
"2781;0.0203929205;0.0213779757;0.017960365;0.0195631685;72494632.26;109149979.73;""2024-07-22T00:00:00.000Z"""
"2781;0.0195631685;0.0203208958;0.0143194899;0.0147921298;44115197.32;82528146.72;""2024-07-29T00:00:00.000Z"""
"2781;0.0147921298;0.0178795664;0.011810645;0.0156626439;92320300.04;87380958.02;""2024-08-05T00:00:00.000Z"""
"2781;0.0156626439;0.0166666638;0.0146723699;0.015673258;37908421.02;87437589.05;""2024-08-12T00:00:00.000Z"""
"2781;0.015673258;0.021475592;0.0155221476;0.0204576793;78045044.24;114124575.42;""2024-08-19T00:00:00.000Z"""
"2781;0.0204576793;0.0205167973;0.0149030754;0.0150035175;53122402.75;87666336.42;""2024-08-26T00:00:00.000Z"""
"2781;0.0150035175;0.0163524399;0.0144495862;0.0156948269;33153129.72;91703849.83;""2024-09-02T00:00:00.000Z"""
"2781;0.0156948269;0.0191206778;0.0156102107;0.0170525792;76844284.61;99560890.47;""2024-09-09T00:00:00.000Z"""
"2781;0.0170525792;0.0183189369;0.0160332036;0.0175880628;41392108.64;102553219.44;""2024-09-16T00:00:00.000Z"""
"2781;0.0175880628;0.0274702253;0.0173210165;0.0238409119;201025672.85;139004523.08;""2024-09-23T00:00:00.000Z"""
"2781;0.0238409119;0.0253518567;0.0199247238;0.0232832061;365802497.88;135749861.78;""2024-09-30T00:00:00.000Z"""
"2781;0.0232832061;0.0248939558;0.0198370553;0.0208121942;148495348.17;121339275.46;""2024-10-07T00:00:00.000Z"""
"2781;0.0208121942;0.0229015679;0.0205596358;0.0221090617;110382740.14;128895411.08;""2024-10-14T00:00:00.000Z"""
"2781;0.0221090617;0.0249168692;0.019533038;0.021591918;188798426.37;125873426.22;""2024-10-21T00:00:00.000Z"""
"2781;0.021591918;0.028061868;0.0192758331;0.0201305476;216325560.11;117347255.75;""2024-10-28T00:00:00.000Z"""
"2781;0.0201305476;0.0259786151;0.0194529496;0.0247209887;253401610.75;137560986.79;""2024-11-04T00:00:00.000Z"""
"2781;0.0247209887;0.0266955922;0.02091637;0.0227541954;326139080.21;126611554.65;""2024-11-11T00:00:00.000Z"""
"2781;0.0227541954;0.0259353803;0.0211124146;0.0250476191;222399428.62;139377025.82;""2024-11-18T00:00:00.000Z"""
"2781;0.0250474351;0.0277874725;0.0224108077;0.0261066435;201101379.94;145245657.77;""2024-11-25T00:00:00.000Z"""
"2781;0.0261066435;0.0317845646;0.0243813486;0.0295473441;299698605.83;164370625.12;""2024-12-02T00:00:00.000Z"""
"2781;0.0296248729;0.0296248729;0.020473789;0.0240053987;165570971.44;133534869.56;""2024-12-09T00:00:00.000Z"""
"2781;0.0240053987;0.0244921615;0.0163930573;0.018076924;160269085.38;100553457.19;""2024-12-16T00:00:00.000Z"""
"2781;0.018076924;0.0222913889;0.0177689558;0.0200410406;144748158.43;111473476.21;""2024-12-23T00:00:00.000Z"""
"2781;0.0200410406;0.0228087685;0.019006735;0.0216268471;83214317.84;120288698.81;""2024-12-30T00:00:00.000Z"""
"2781;0.0216268471;0.0218612265;0.0178952934;0.0182339614;60169329.61;101412748.79;""2025-01-06T00:00:00.000Z"""
"2781;0.0182339614;0.0196267494;0.0159610359;0.0161649996;60340088.35;89902776.71;""2025-01-13T00:00:00.000Z"""
"2781;0.0161649996;0.0172402004;0.0151580812;0.0155476992;53246827.55;86465468.38;""2025-01-20T00:00:00.000Z"""
"2781;0.0155473763;0.0157855091;0.0116905921;0.012251315;49411393;68129866.85;""2025-01-27T00:00:00.000Z"""
"2781;0.012251315;0.0135649027;0.00937827461942;0.0128281422;134421242.91;71312821.57;""2025-02-03T00:00:00.000Z"""
"2781;0.0128281422;0.0219344086;0.0125601834;0.0184260763;447190889.95;102415988.76;""2025-02-10T00:00:00.000Z"""
"2781;0.0184260763;0.0207652272;0.0159052626;0.0163732617;111001991;90989957.43;""2025-02-17T00:00:00.000Z"""
"2781;0.0163732617;0.0163740914;0.0134618583;0.0160394928;85591509.76;89128747;""2025-02-24T00:00:00.000Z"""
"2781;0.0160394928;0.0160592007;0.010837475;0.0111006139;48661243.45;61676070.63;""2025-03-03T00:00:00.000Z"""
"2781;0.01110053;0.0145346878;0.010401163;0.0128418771;76021877.24;71330163.9;""2025-03-10T00:00:00.000Z"""
"2781;0.0128413897;0.0137299027;0.012478253;0.0128285841;0;0;""2025-03-17T00:00:00Z"""